ref_ceh;ano_hidr;resano;salano;entano;tipo_dato_id;orig_dato_id
2001;1946;17.968;262.778;256.758;2;2
2001;1947;15.121;239.045;236.133;2;2
2001;1948;5.669;59.949;37.304;2;2
2001;1949;1.784;71.964;86.125;2;2
2001;1950;7.887;202.997;264.245;2;2
2001;1951;57.913;164.863;160.206;2;2
2001;1952;62.872;219.7;158.208;2;2
2001;1953;8.654;127.101;138.462;2;2
2001;1954;1.967;221.033;203.678;2;2
2001;1955;0.746;225.317;222.809;2;2
2001;1956;0.934;62.588;64.796;2;2
2001;1957;2.728;120.703;137.435;2;2
2001;1958;61.28;128.551;;1;1
2001;1959;50.4;431.369;420.489;1;1
2001;1960;52;279.374;280.974;1;1
2001;1961;24.4;396.611;369.011;1;1
2001;1962;38;195.454;209.054;1;1
2001;1963;19.41;201.545;182.955;1;1
2001;1964;18.8;119.543;118.933;1;1
2001;1965;51.5;375.987;408.687;1;1
2001;1966;46.5;175.651;170.651;1;1
2001;1967;31.8;196.716;182.016;1;1
2001;1968;85.1;319.317;372.617;1;1
2001;1969;37;269.309;221.209;1;1
2001;1970;71;162.95;196.95;1;1
2001;1971;75.3;263.917;268.217;1;1
2001;1972;45.6;228.9;199.2;1;1
2001;1973;44.8;168.178;167.378;1;1
2001;1974;51.66;128.952;135.812;1;1
2001;1975;16.36;108.484;73.184;1;1
2001;1976;138.2;169.668;291.508;1;1
2001;1977;102.34;360.844;324.984;1;1
2001;1978;112.9;423.04;433.6;1;1
2001;1979;114.8;191.592;193.492;1;1
2001;1980;27;179.064;91.264;1;1
2001;1981;24.2;177.405;174.605;1;1
2001;1982;40.84;130.696;147.336;1;1
2001;1983;112.74;117.527;189.427;1;1
2001;1984;112.35;274.125;276.125;2;1
2001;1985;103.58;167.2;155.63;1;1
2001;1986;32.84;165.61;94.87;1;1
2001;1987;127.26;125.025;219.445;1;1
2001;1988;48.64;160.551;81.931;1;1
2001;1989;28.11;112.005;91.475;1;1
2001;1990;67.04;142.088;181.018;1;1
2001;1991;40.47;154.475;127.905;1;1
2001;1992;37.29;156.826;153.646;1;1
2001;1993;41.25;168.08;172.04;1;1
2001;1994;33.02;146.957;138.727;1;1
2001;1995;94.81;197.933;259.723;1;1
2001;1996;104.85;182.024;192.064;1;1
2001;1997;113.475;213.662;222.287;1;1
2001;1998;50.38;151.388;88.293;1;1
2001;1999;71.69;154.731;176.041;1;1
2001;2000;66.65;444.767;439.727;1;1
2001;2001;28.39;98.933;60.673;1;1
2001;2002;110.51;198.581;280.701;1;1
2001;2003;122.28;207.333;219.103;1;1
2001;2004;44.92;140.734;63.374;1;1
2001;2005;54.88;102.368;112.328;1;1
2001;2006;124.73;111.249;181.099;1;1
2001;2007;160.517;108.501;144.288;1;1
2001;2008;122.23;177.679;139.392;1;1
2001;2009;157.378;232.402;267.55;1;1
2001;2010;146.517;177.981;167.12;1;1
2001;2011;70.239;141.881;65.603;1;1
2001;2012;154.77;204.504;289.035;1;1
2001;2013;127.048;268.58;240.858;1;1
2001;2014;142.21;164.885;180.047;1;1
2001;2015;151.24;260.759;269.789;1;1
2001;2016;62.272;152.753;63.785;1;1
2001;2017;164.378;136.522;238.628;1;1
2001;2018;132.152;176.399;144.173;1;1
2001;2019;160.517;231.402;259.767;1;1
2001;2020;133.162;252.582;225.227;1;1
2002;1949;37.1;4363.1;4364.9;2;2
2002;1950;54;8682.7;8970.8;2;2
2002;1951;53.2;7855.2;7867.2;2;2
2002;1952;50.8;6641.8;6635.3;2;2
2002;1953;49.3;6383.2;6382.3;2;2
2002;1954;47.9;7014.6;7011.7;2;2
2002;1955;50.6;14119.4;14123.8;2;2
2002;1956;51.2;4159.3;4160.4;2;2
2002;1957;27.3;6572.4;6563.5;2;2
2002;1958;43.8;6590.592;6599.192;2;1
2002;1959;52.4;18485.194;18484.394;2;1
2002;1960;51.6;12900.73;12866.63;2;1
2002;1961;17.5;17163.36;17198.36;2;1
2002;1962;52.5;9457.033;9455.333;2;1
2002;1963;50.8;13284.259;13286.459;2;1
2002;1964;53;4550.973;4550.473;2;1
2002;1965;52.5;17149.337;17123.237;2;1
2002;1966;26.4;7896.295;7922.895;2;1
2002;1967;53;7167.139;7167.139;2;1
2002;1968;53;10173.315;10173.315;2;1
2002;1969;53;9694.65;9694.65;2;1
2002;1970;53;7308.541;7308.541;2;1
2002;1971;53;8266.761;8266.761;2;1
2002;1972;53;8507.281;8507.281;2;1
2002;1973;53;6912.588;6912.588;2;1
2002;1974;53;5048.188;5048.188;2;1
2002;1975;53;3485.35;3485.35;2;1
2002;1976;53;9114.872;9089.372;2;1
2002;1977;27.5;13846.213;13871.713;2;1
2002;1978;53;16125.212;16125.212;2;1
2002;1979;53;7194.061;7194.061;2;1
2002;1980;53;4079.817;4079.817;2;1
2002;1981;53;4056.748;4056.748;2;1
2002;1982;53;6755.701;6744.701;2;1
2002;1983;42;5907.901;5907.901;2;1
2002;1984;42;10956.6;10956.6;2;1
2002;1985;42;5258.201;5258.201;2;1
2002;1986;42;4576.7;4576.7;2;1
2002;1987;42;10413.583;10413.583;1;1
2002;1988;42;3269.57;3269.57;2;1
2002;1989;42;7383.659;7383.659;2;1
2002;1990;42;6175.758;6175.758;1;1
2002;1991;42;2822.485;2822.485;1;1
2002;1992;39.746;4093.928;4091.674;1;1
2002;1993;28.079;7381.154;7369.487;1;1
2002;1994;39.794;4517.645;4529.36;1;1
2002;1995;43.394;11856.195;;1;1
2002;1996;62.56;7530.615;7549.781;1;1
2002;1997;45.275;10241.65;10224.365;1;1
2002;1998;64.82;3396.607;3416.152;1;1
2002;1999;64.009;5853.881;5853.07;1;1
2002;2000;63.71;18991.773;18991.474;1;1
2002;2001;64.675;2881.7;2882.665;1;1
2002;2002;63.326;10163.463;10162.114;1;1
2002;2003;61.76;6805.071;6803.505;1;1
2002;2004;62.762;3110.918;3111.92;1;1
2002;2005;63.394;3715.641;3716.273;1;1
2002;2006;63.183;7549.697;7549.486;1;1
2002;2007;62.846;3908.215;3907.878;1;1
2002;2008;62.218;4253.094;4252.466;1;1
2002;2009;61.927;9920.375;9920.084;1;1
2002;2010;62.26;6539.415;6539.748;1;1
2002;2011;59.704;2703.571;2701.015;1;1
2002;2012;61.885;6655.28;6657.461;1;1
2002;2013;60.972;8609.685;8608.772;1;1
2002;2014;61.63;5961.329;5961.987;1;1
2002;2015;63.14;9856.681;9858.191;1;1
2002;2016;56.342;2992.139;2985.341;1;1
2002;2017;62.091;5204.272;5210.021;1;1
2002;2018;58.851;3468.571;3465.331;1;1
2002;2019;61.096;6890.558;6892.803;1;1
2002;2020;63.267;6777.27;6779.441;1;1
2003;1952;34.6;6456.3;6439.1;2;2
2003;1953;18.7;6384.6;6385.8;2;2
2003;1954;16.5;6986.3;6987.4;2;2
2003;1955;20;14182.9;14189.1;2;2
2003;1956;19.5;4419.2;4149.3;2;2
2003;1957;13.9;6580.9;6579.5;2;2
2003;1958;18.8;6572.966;6574.166;2;1
2003;1959;20;18556.474;18554.274;2;1
2003;1960;17.8;12902.89;12904.49;2;1
2003;1961;19.4;17291.889;17292.489;2;1
2003;1962;20;9463.029;9463.029;2;1
2003;1963;20;13249.526;13249.526;2;1
2003;1964;20;4541.037;4541.037;2;1
2003;1965;20;17128.722;17128.722;2;1
2003;1966;20;7913.618;7913.618;2;1
2003;1967;20;7166.845;7166.845;2;1
2003;1968;20;10173.609;10173.609;2;1
2003;1969;20;9695.411;9695.411;2;1
2003;1970;20;7303.211;7303.211;2;1
2003;1971;20;8248.764;8248.764;2;1
2003;1972;20;8518.971;8518.971;2;1
2003;1973;20;6918.489;6918.489;2;1
2003;1974;20;5048.395;5048.395;2;1
2003;1975;20;3471.448;3471.448;2;1
2003;1976;20;9144.896;9135.296;2;1
2003;1977;10.4;13864.211;13873.811;2;1
2003;1978;20;16053.727;16053.727;2;1
2003;1979;20;7192.695;7192.695;2;1
2003;1980;20;4084.629;4084.629;2;1
2003;1981;20;4057.681;4057.681;2;1
2003;1982;20;6765.801;6767.801;2;1
2003;1983;22;5907.901;5907.901;2;1
2003;1984;22;10940.5;10940.5;2;1
2003;1985;22;5258.701;5258.701;2;1
2003;1986;22;4566.09;4566.09;2;1
2003;1987;22;10400.219;10400.219;1;1
2003;1988;22;3286.646;3286.646;2;1
2003;1989;22;7325.259;7325.259;2;1
2003;1990;22;6175.758;6175.758;2;1
2003;1991;22;2822.499;2822.499;1;1
2003;1992;21.476;4111.511;4110.987;1;1
2003;1993;20.758;7359.552;7358.834;1;1
2003;1994;18.905;4419.683;4417.83;1;1
2003;1995;24.603;12055.831;;1;1
2003;1996;26.26;7615.26;7616.917;1;1
2003;1997;25.735;10771.876;10771.351;1;1
2003;1998;26.466;3489.756;3490.487;1;1
2003;1999;26.601;5893.298;5893.433;1;1
2003;2000;26.727;19079.823;19079.949;1;1
2003;2001;26.562;2949.964;2949.799;1;1
2003;2002;26.51;10269.447;10269.395;1;1
2003;2003;25.881;6837.882;6837.253;1;1
2003;2004;25.693;3139.982;3139.794;1;1
2003;2005;26.207;3748.698;3749.212;1;1
2003;2006;25.575;7624.596;7623.964;1;1
2003;2007;25.422;3958.794;3958.641;1;1
2003;2008;25.949;4298.883;4299.41;1;1
2003;2009;26.121;8629.71;8629.882;1;1
2003;2010;26.414;6584.188;6584.481;1;1
2003;2011;24.653;2746.572;2744.811;1;1
2003;2012;25.727;6719.488;6720.562;1;1
2003;2013;25.707;8663.314;8663.294;1;1
2003;2014;25.84;6111.595;6111.728;1;1
2003;2015;25.79;10329.669;10329.619;1;1
2003;2016;22.901;3114.234;3111.345;1;1
2003;2017;25.301;5422.391;5424.791;1;1
2003;2018;24.7;3634.584;3633.983;1;1
2003;2019;26.135;7542.119;7543.554;1;1
2003;2020;25.864;7202.266;7201.995;1;1
2004;1956;52.1;4419.1;;2;2
2004;1957;51.1;7437;7455.9;2;2
2004;1958;45.8;7842.442;7851.342;2;1
2004;1959;54.7;20929.795;20928.995;2;1
2004;1960;53.9;14459.213;14426.613;2;1
2004;1961;21.3;19479.468;19506.468;2;1
2004;1962;2.8;10669.7;10630.2;1;1
2004;1963;4.1;;;2;1
2004;1964;54.7;5118.958;5118.858;2;1
2004;1965;54.6;19573.946;19573.546;2;1
2004;1966;54.2;8954.556;8956.356;2;1
2004;1967;56;7781.789;7781.789;2;1
2004;1968;56;11453.054;11453.054;2;1
2004;1969;56;10304.997;10304.997;2;1
2004;1970;56;8283.643;8283.643;2;1
2004;1971;56;8677.688;8677.688;2;1
2004;1972;56;9364.775;9364.775;2;1
2004;1973;56;7998.877;7998.877;2;1
2004;1974;56;6036.768;6036.768;2;1
2004;1975;56;4331.102;4331.102;2;1
2004;1976;56;9451.668;9451.668;2;1
2004;1977;56;15470.525;15470.525;2;1
2004;1978;56;18512.764;18512.764;2;1
2004;1979;56;8217.66;8217.66;2;1
2004;1980;56;4698.173;4698.173;2;1
2004;1981;56;4207.749;4207.749;2;1
2004;1982;56;6919.9;6906.9;2;1
2004;1983;43;6403.6;6402.6;2;1
2004;1984;42;11604.999;11650.699;2;1
2004;1985;87.7;6219.499;6174.799;2;1
2004;1986;43;6087;6087;2;1
2004;1987;43;10858.643;10858.643;1;1
2004;1988;43;4111.693;4111.693;2;1
2004;1989;43;8497.658;8497.658;1;1
2004;1990;43;7079.189;7079.189;1;1
2004;1991;43;2593.262;2593.262;1;1
2004;1992;64.294;4447.501;4468.795;1;1
2004;1993;57.789;8238.128;8231.623;1;1
2004;1994;60.546;5203.485;5206.242;1;1
2004;1995;166.93;13631.327;;1;1
2004;1996;170.08;8814.881;8818.031;1;1
2004;1997;173.606;12575.8;12579.326;1;1
2004;1998;174.81;4381.799;4383.003;1;1
2004;1999;177.895;5877.351;5880.436;1;1
2004;2000;172.583;21754.745;21749.433;1;1
2004;2001;178.756;4995.893;5002.066;1;1
2004;2002;175.093;11879.495;11875.832;1;1
2004;2003;171.818;8781.939;8778.664;1;1
2004;2004;179.344;3997.21;4004.736;1;1
2004;2005;178.157;4103.266;4102.079;1;1
2004;2006;123.401;9054.909;9000.153;1;1
2004;2007;177.092;5284.16;5337.851;1;1
2004;2008;177.151;4551.542;4551.601;1;1
2004;2009;121.604;11487.272;11431.725;1;1
2004;2010;176.266;7831.344;7886.006;1;1
2004;2011;177.802;4532.549;4534.085;1;1
2004;2012;174.035;7742.904;7739.137;1;1
2004;2013;177.861;10352.62;10356.446;1;1
2004;2014;174.8;7007.679;7004.618;1;1
2004;2015;177.09;11451.019;11453.309;1;1
2004;2016;174.972;4494.53;4492.412;1;1
2004;2017;176.95;6187.116;6189.094;1;1
2004;2018;174.093;3899.101;3896.244;1;1
2004;2019;175.736;7314.269;7315.912;1;1
2004;2020;174.445;8218.445;8217.154;1;1
2005;1962;;;;2;1
2005;1963;36.8;15549.062;15568.262;2;1
2005;1964;56;5127.589;5126.289;2;1
2005;1965;54.7;19615.651;19607.251;2;1
2005;1966;46.3;8946.219;8956.519;2;1
2005;1967;56.6;7782.1;7782.1;2;1
2005;1968;56.6;11441.555;11441.555;2;1
2005;1969;56.6;10304.997;10304.997;2;1
2005;1970;56.6;8256.807;8256.807;2;1
2005;1971;56.6;8678.984;8678.984;2;1
2005;1972;56.6;9292.89;9292.89;2;1
2005;1973;56.6;7988.259;7988.259;2;1
2005;1974;56.6;6066.671;6066.671;2;1
2005;1975;56.6;4327.906;4327.906;2;1
2005;1976;56.6;9474.451;9474.451;2;1
2005;1977;56.6;15457.15;15457.15;2;1
2005;1978;56.6;18521.084;18521.084;2;1
2005;1979;56.6;8489.569;8489.569;2;1
2005;1980;56.6;4960.596;4960.596;2;1
2005;1981;56.6;4815.15;4815.15;2;1
2005;1982;56.6;7802.801;7803.201;2;1
2005;1983;57;7001.15;7001.15;2;1
2005;1984;57;11745.581;11747.081;2;1
2005;1985;58.5;6269.599;6268.099;2;1
2005;1986;57;6141.5;6141.5;2;1
2005;1987;57;10846.642;10846.642;1;1
2005;1988;57;4091.344;4091.344;2;1
2005;1989;57;8519.119;8519.119;2;1
2005;1990;57;7212.181;7212.181;1;1
2005;1991;57;3222.15;3222.15;1;1
2005;1992;55.682;4875.99;4874.672;1;1
2005;1993;54.749;8435.153;8434.22;1;1
2005;1994;52.309;5557.28;5554.84;1;1
2005;1995;106.291;14087.146;;1;1
2005;1996;112.17;8737.508;8743.387;1;1
2005;1997;108.956;12709.688;12706.474;1;1
2005;1998;113.406;4594.856;4599.306;1;1
2005;1999;111.065;6641.745;6639.404;1;1
2005;2000;105.814;22159.21;22153.959;1;1
2005;2001;111.763;5616.288;5622.237;1;1
2005;2002;113.241;12391.321;12392.799;1;1
2005;2003;111.25;9018.914;9016.923;1;1
2005;2004;110.803;4671.195;4670.748;1;1
2005;2005;104.854;4758.232;4752.283;1;1
2005;2006;110.327;9628.451;9633.924;1;1
2005;2007;82.641;5640.649;5612.963;1;1
2005;2008;80.19;5103.89;5101.439;1;1
2005;2009;109.001;12187.637;12216.448;1;1
2005;2010;110.835;8272.706;8274.54;1;1
2005;2011;102.377;5417.655;5409.197;1;1
2005;2012;83.811;9054.337;9035.771;1;1
2005;2013;112.34;11336.263;11364.792;1;1
2005;2014;103.49;7690.744;7681.894;1;1
2005;2015;106.73;12323.473;12326.713;1;1
2005;2016;98.983;5118.288;5110.541;1;1
2005;2017;101.99;6899.558;6902.565;1;1
2005;2018;110.518;4322.162;4330.69;1;1
2005;2019;102.978;8339.252;8331.712;1;1
2005;2020;106.974;8679.587;8683.583;1;1
2010;1987;24.264;;;1;1
2010;1988;8.017;45.248;29.001;1;1
2010;1989;14.512;36.527;43.022;1;1
2010;1990;43.904;;;1;1
2010;1991;35.69;68.342;60.128;1;1
2010;1992;40.915;74.658;79.883;1;1
2010;1993;37.027;97.28;93.392;1;1
2010;1994;26.396;84.467;73.836;1;1
2010;1995;34.726;93.434;101.764;1;1
2010;1996;45.98;94.064;105.318;1;1
2010;1997;39.041;116.83;109.891;1;1
2010;1998;28.323;65.421;54.703;1;1
2010;1999;42.611;64.234;78.522;1;1
2010;2000;38.091;168.262;163.742;1;1
2010;2001;26.768;58.968;47.645;1;1
2010;2002;44.09;119.513;136.835;1;1
2010;2003;47.569;91.4;94.879;1;1
2010;2004;29.415;68.797;50.643;1;1
2010;2005;39.609;66.662;76.856;1;1
2010;2006;47.569;96.769;104.729;1;1
2010;2007;55.812;83.684;91.927;1;1
2010;2008;48.82;91.288;84.296;1;1
2010;2009;54.539;118.689;124.408;1;1
2010;2010;46.937;89.025;81.423;1;1
2010;2011;28.488;69.59;51.141;1;1
2010;2012;52.353;95.715;119.58;1;1
2010;2013;46.648;121.166;115.461;1;1
2010;2014;45.81;79.4;78.562;1;1
2010;2015;44.23;122.579;120.999;1;1
2010;2016;25.38;57.181;38.331;1;1
2010;2017;45.882;88.442;108.944;1;1
2010;2018;43.001;76.323;73.442;1;1
2010;2019;46.049;96.111;99.159;1;1
2010;2020;40.759;76.577;71.287;1;1
2011;1944;3.367;39.04;34.733;2;2
2011;1945;1.225;61.38;62.679;2;2
2011;1946;1.784;74.06;75.993;2;2
2011;1947;2.059;67.767;61.075;2;2
2011;1948;1.318;29.537;64.641;2;2
2011;1949;1.985;37.936;39.972;2;2
2011;1950;1.621;86.366;87.481;2;2
2011;1951;3.143;55.654;55.991;2;2
2011;1952;2.321;35.87;34.202;2;2
2011;1953;4.56;46.771;48.368;2;2
2011;1954;2.956;46.499;46.339;2;2
2011;1955;2.022;39.024;40.272;2;2
2011;1956;3.099;32.147;31.488;2;2
2011;1957;3.595;36.47;35.665;2;2
2011;1958;7.23;40.917;;1;1
2011;1959;10.94;68.357;72.067;1;1
2011;1960;5.69;102.895;97.645;1;1
2011;1961;4.702;57.209;56.221;1;1
2011;1962;6.8;51.996;54.094;1;1
2011;1963;6.16;62.014;61.374;1;1
2011;1964;7.4;50.268;51.508;1;1
2011;1965;8.69;114.617;115.907;1;1
2011;1966;6.46;80.425;78.195;1;1
2011;1967;6.28;64.74;64.56;1;1
2011;1968;7.12;85.467;86.307;1;1
2011;1969;5.75;239.147;237.777;1;1
2011;1970;9.92;53.656;57.826;1;1
2011;1971;9.45;66.439;65.969;1;1
2011;1972;9.07;54.028;53.648;1;1
2011;1973;9.22;71.395;71.545;1;1
2011;1974;8.4;59.293;58.473;1;1
2011;1975;9.22;41.107;41.927;1;1
2011;1976;7.59;112.817;111.187;1;1
2011;1977;6.59;118.084;117.084;1;1
2011;1978;6.46;110.059;110.629;2;1
2011;1979;7.03;62.211;62.611;2;1
2011;1980;7.43;38.881;38.751;2;1
2011;1981;7.3;95.506;93.786;2;1
2011;1982;5.58;145.201;148.243;2;1
2011;1983;8.622;61.379;60.554;2;1
2011;1984;7.797;150.657;149.701;2;1
2011;1985;6.841;69.5;69.316;2;1
2011;1986;6.452;61.716;61.436;1;1
2011;1987;7.349;87.278;88.175;1;1
2011;1988;0;16.748;9.399;1;1
2011;1989;0;35.916;35.916;1;1
2011;1990;0.276;67.858;68.134;1;1
2011;1991;13.512;45.239;58.475;1;1
2011;1992;12.419;64.145;63.052;1;1
2011;1993;11.797;76.495;75.873;1;1
2011;1994;7.651;61.426;57.28;1;1
2011;1995;14.891;80.89;88.13;1;1
2011;1996;12.9;84.158;82.167;1;1
2011;1997;14.974;82.9;84.974;1;1
2011;1998;7.658;45.673;38.357;1;1
2011;1999;12.157;62.56;67.059;1;1
2011;2000;10.812;133.425;132.08;1;1
2011;2001;8.699;37.522;35.409;1;1
2011;2002;15.006;105.938;112.245;1;1
2011;2003;13.013;79.483;77.49;1;1
2011;2004;10.666;42.821;40.474;1;1
2011;2005;14.499;58.96;62.793;1;1
2011;2006;15.851;84.247;85.599;1;1
2011;2007;15.373;71.957;71.479;1;1
2011;2008;13.256;69.383;67.266;1;1
2011;2009;14.642;101.567;102.953;1;1
2011;2010;12.84;67.825;66.023;1;1
2011;2011;13.178;40.137;40.475;1;1
2011;2012;14.081;96.473;97.376;1;1
2011;2013;14.111;93.499;93.529;1;1
2011;2014;12.43;63.806;62.125;1;1
2011;2015;14.04;96.866;98.476;1;1
2011;2016;11.289;34.112;31.361;1;1
2011;2017;16.359;83.829;88.899;1;1
2011;2018;13.61;76.323;73.574;1;1
2011;2019;14.172;78.639;79.201;1;1
2011;2020;15.679;60.224;61.731;1;1
2012;1944;3.25;53.87;51.767;2;2
2012;1945;0.336;82.86;84.636;2;2
2012;1946;3.578;109.048;110.624;2;2
2012;1947;4.448;64.53;63.169;2;2
2012;1948;0.866;44.654;44.074;2;2
2012;1949;4.838;62.602;63.516;2;2
2012;1950;3.12;82.769;83.73;2;2
2012;1951;4.183;111.395;110.379;2;2
2012;1952;3.874;79.871;79.816;2;2
2012;1953;5.235;88.124;87.15;2;2
2012;1954;1.629;91.278;90.943;2;2
2012;1955;0;155.885;158.197;2;2
2012;1956;2.078;65.785;64.621;2;2
2012;1957;1.599;127.923;130.371;2;2
2012;1958;5.36;93.796;;1;1
2012;1959;5.8;165.84;166.28;1;1
2012;1960;4.29;116.427;114.917;1;1
2012;1961;5;140.666;141.376;1;1
2012;1962;5.9;103.188;104.088;1;1
2012;1963;5.6;119.049;118.749;1;1
2012;1964;2.2;63.297;59.897;1;1
2012;1965;6.74;148.141;152.681;1;1
2012;1966;2.36;82.038;77.658;1;1
2012;1967;2.57;77.567;77.777;1;1
2012;1968;6.94;84.626;88.996;1;1
2012;1969;6.18;76.995;76.235;1;1
2012;1970;6.42;81.262;81.502;1;1
2012;1971;5.48;78.413;77.473;1;1
2012;1972;5.34;90.971;90.831;1;1
2012;1973;6.97;97.471;99.101;1;1
2012;1974;6.9;65.336;65.266;1;1
2012;1975;6.92;47.686;47.706;1;1
2012;1976;8.18;91.066;92.326;1;1
2012;1977;4.65;112.357;108.827;1;1
2012;1978;4.54;110.236;114.316;2;1
2012;1979;8.62;90.505;89.765;2;1
2012;1980;7.88;47.273;47.753;2;1
2012;1981;8.36;61.705;58.233;2;1
2012;1982;4.888;104.85;101.314;2;1
2012;1983;1.352;59.432;64.85;2;1
2012;1984;6.77;112.109;111.191;2;1
2012;1985;5.852;65.402;67.077;2;1
2012;1986;7.27;49.335;48.996;1;1
2012;1987;0.28;124.121;117.131;1;1
2012;1988;4.001;27.001;30.722;1;1
2012;1989;6.56;50.342;52.901;1;1
2012;1990;5.773;71.148;70.361;1;1
2012;1991;7.067;32.695;33.989;1;1
2012;1992;6.075;38.689;37.697;1;1
2012;1993;8.897;74.306;77.128;1;1
2012;1994;2.123;52.669;45.895;1;1
2012;1995;6.187;82.464;86.528;1;1
2012;1996;8.06;35.499;37.372;1;1
2012;1997;8.087;74.89;74.917;1;1
2012;1998;6.015;28.993;26.921;1;1
2012;1999;8.548;95.584;98.117;1;1
2012;2000;2.14;214.312;207.904;1;1
2012;2001;2.085;37.011;36.956;1;1
2012;2002;8.629;101.322;107.866;1;1
2012;2003;7.227;77.191;75.789;1;1
2012;2004;6.363;46.53;45.666;1;1
2012;2005;7.183;64.366;65.186;1;1
2012;2006;9.005;158.429;160.251;1;1
2012;2007;8.412;52.996;52.403;1;1
2012;2008;7.045;39.257;37.89;1;1
2012;2009;8.922;88.018;89.895;1;1
2012;2010;4.909;71.627;67.614;1;1
2012;2011;2.777;29.756;27.624;1;1
2012;2012;3.986;69.143;70.352;1;1
2012;2013;8.356;87.919;92.289;1;1
2012;2014;7.59;74.841;74.075;1;1
2012;2015;7.23;84.489;84.129;1;1
2012;2016;3.422;37.718;33.91;1;1
2012;2017;8.152;55.285;60.015;1;1
2012;2018;5.231;38.731;35.81;1;1
2012;2019;8.64;95.717;99.126;1;1
2012;2020;8.76;71.718;71.838;1;1
2013;1958;8.97;54.277;;1;1
2013;1959;5.4;187.611;184.041;1;1
2013;1960;1.4;207.785;203.785;1;1
2013;1961;1.56;232.851;233.011;1;1
2013;1962;19.4;185.129;202.969;1;1
2013;1963;20.59;194.032;195.222;1;1
2013;1964;3.3;131.63;114.34;1;1
2013;1965;7.78;219.074;223.554;1;1
2013;1966;0.34;173.157;165.717;1;1
2013;1967;5.59;193.882;199.132;1;1
2013;1968;10.38;132.538;137.328;1;1
2013;1969;1.05;211.008;201.678;1;1
2013;1970;12.95;159.926;171.826;1;1
2013;1971;8.55;240.151;235.751;1;1
2013;1972;16.73;185.301;193.481;1;1
2013;1973;15.92;198.005;197.195;1;1
2013;1974;12.75;152.49;149.32;1;1
2013;1975;11.91;172.195;171.355;1;1
2013;1976;19.34;150.296;157.726;1;1
2013;1977;22.05;199.795;202.505;1;1
2013;1978;15.36;244.115;237.425;1;1
2013;1979;5.49;202.631;192.761;1;1
2013;1980;4.57;142.094;141.174;1;1
2013;1981;3.63;102.801;101.861;1;1
2013;1982;7.232;215.772;219.374;1;1
2013;1983;6.052;138.648;137.468;1;1
2013;1984;9.707;182.955;186.61;1;1
2013;1985;21.594;96.76;108.647;1;1
2013;1986;7.692;115.25;101.348;1;1
2013;1987;14.559;239.418;246.285;1;1
2013;1988;7.108;65.289;57.838;1;1
2013;1989;9.417;140.024;142.333;1;1
2013;1990;11.837;180.319;182.739;1;1
2013;1991;17.132;141.165;146.46;1;1
2013;1992;17.981;130.552;131.401;1;1
2013;1993;25.388;130.319;137.726;1;1
2013;1994;4.571;115.62;94.803;1;1
2013;1995;14.112;166.71;176.251;1;1
2013;1996;10.13;104.15;100.168;1;1
2013;1997;19.387;135.322;144.579;1;1
2013;1998;13.327;89.357;83.297;1;1
2013;1999;23.584;161.122;171.379;1;1
2013;2000;4.991;239.835;221.242;1;1
2013;2001;5.648;104.324;104.981;1;1
2013;2002;15.767;178.372;188.491;1;1
2013;2003;10.635;131.263;126.131;1;1
2013;2004;9.64;172.263;171.268;1;1
2013;2005;4.023;123.421;117.804;1;1
2013;2006;30.362;154.424;180.763;1;1
2013;2007;32.672;105.225;107.535;1;1
2013;2008;44.612;116.696;128.636;1;1
2013;2009;51.369;200.843;207.6;1;1
2013;2010;11.015;170.917;130.563;1;1
2013;2011;6.187;108.105;103.277;1;1
2013;2012;10.849;159.062;163.724;1;1
2013;2013;14.502;138.126;141.779;1;1
2013;2014;12.67;190.998;189.166;1;1
2013;2015;15.8;145.409;148.539;1;1
2013;2016;7.546;52.069;43.815;1;1
2013;2017;11.3;177.911;181.665;1;1
2013;2018;9.562;79.29;77.552;1;1
2013;2019;23.419;145.662;159.519;1;1
2013;2020;17.565;108.064;102.21;1;1
2014;1944;15.73;175.39;168.44;2;2
2014;1945;7.82;186.2;193.55;2;2
2014;1946;10.1;303.82;309.76;2;2
2014;1947;21.32;218.29;212.8;2;2
2014;1948;9.02;104.7;101.4;2;2
2014;1949;12.37;146.55;146.61;2;2
2014;1950;7.98;221.2;228.57;2;2
2014;1951;19.43;286.72;278.01;2;2
2014;1952;16.61;262.01;250.231;2;2
2014;1953;11.13;255.55;253.9;2;2
2014;1954;4.87;198.69;199.18;2;2
2014;1955;5.03;331.04;332.94;2;2
2014;1956;0;146.93;150.17;2;2
2014;1957;6.17;304.72;310.37;2;2
2014;1958;14.95;227.71;;1;1
2014;1959;12.2;412.404;409.654;1;1
2014;1960;6.7;312.632;307.132;1;1
2014;1961;7.821;337.297;338.418;1;1
2014;1962;16;268.134;276.313;1;1
2014;1963;3.06;339.184;326.244;1;1
2014;1964;11.9;156.937;165.777;1;1
2014;1965;11.04;348.909;348.049;1;1
2014;1966;7.44;223.949;220.349;1;1
2014;1967;9.83;276.502;278.892;1;1
2014;1968;18.61;266.134;274.914;1;1
2014;1969;6.7;263.856;251.946;1;1
2014;1970;24.76;241.131;259.191;1;1
2014;1971;13.66;284.193;273.093;1;1
2014;1972;16.57;256.604;259.514;1;1
2014;1973;20.81;264.433;268.673;1;1
2014;1974;11.7;202.833;193.723;1;1
2014;1975;23.34;149.818;161.458;1;1
2014;1976;21.55;279.435;277.645;1;1
2014;1977;19.3;350.24;347.99;1;1
2014;1978;9.08;393.25;383.03;1;1
2014;1979;14.99;222.204;228.114;1;1
2014;1980;7.85;182.84;175.7;1;1
2014;1981;6.94;162.804;161.894;1;1
2014;1982;6.987;294.422;294.469;1;1
2014;1983;8.9;169.467;171.38;1;1
2014;1984;10.517;286.223;287.84;1;1
2014;1985;8.844;164.619;162.946;1;1
2014;1986;6.128;147.324;144.608;1;1
2014;1987;20.16;330.508;344.54;1;1
2014;1988;6.068;117.472;103.38;1;1
2014;1989;8.62;214.2;216.752;1;1
2014;1990;7.001;226.358;224.739;1;1
2014;1991;10.127;166.129;169.255;1;1
2014;1992;16.02;170.198;176.091;1;1
2014;1993;5.978;271.541;261.499;1;1
2014;1994;6.69;155.018;155.73;1;1
2014;1995;10.981;303.263;307.554;1;1
2014;1996;16.59;173.672;179.281;1;1
2014;1997;11.205;247.275;241.89;1;1
2014;1998;0;141.084;129.879;1;1
2014;1999;12.309;214.467;226.776;1;1
2014;2000;9.328;417.082;414.101;1;1
2014;2001;8.38;149.18;148.232;1;1
2014;2002;14.631;297.028;303.279;1;1
2014;2003;33.523;165.898;184.79;1;1
2014;2004;10.666;192.505;169.648;1;1
2014;2005;20.476;165.135;174.945;1;1
2014;2006;37.448;273.7;290.672;1;1
2014;2007;21.304;171.867;155.723;1;1
2014;2008;14.351;152.225;145.272;1;1
2014;2009;27.01;274.535;287.194;1;1
2014;2010;27.647;188.23;188.867;1;1
2014;2011;11.133;153.113;136.599;1;1
2014;2012;33.36;208.968;231.195;1;1
2014;2013;6.676;295.707;269.023;1;1
2014;2014;0;273.56;266.884;1;1
2014;2015;17.85;234.875;252.725;1;1
2014;2016;10.666;103.673;96.489;1;1
2014;2017;23.07;192.969;205.373;1;1
2014;2018;8.956;143.818;129.704;1;1
2014;2019;15.642;252.52;259.206;1;1
2014;2020;11.828;213.155;209.341;1;1
2015;1960;0.17;;;1;1
2015;1961;0.27;355.431;355.531;1;1
2015;1962;10.6;;;1;1
2015;1963;35.18;353.73;;1;1
2015;1964;5.5;245.108;215.428;1;1
2015;1965;33.78;413.398;441.678;1;1
2015;1966;56.2;257.895;280.315;1;1
2015;1967;42.44;319.758;305.998;1;1
2015;1968;22.33;262.483;242.373;1;1
2015;1969;23.27;317.295;318.235;1;1
2015;1970;48.03;259.926;284.686;1;1
2015;1971;34.94;361.161;348.071;1;1
2015;1972;22.8;308.837;296.697;1;1
2015;1973;36.41;296.853;310.463;1;1
2015;1974;27.85;237.393;228.833;1;1
2015;1975;8.32;204.085;184.555;1;1
2015;1976;33.78;300.387;325.847;1;1
2015;1977;11.35;457.98;435.55;1;1
2015;1978;12.83;482.795;484.275;1;1
2015;1979;18.47;271.045;276.685;1;1
2015;1980;10.75;228.355;220.635;1;1
2015;1981;8.91;197.338;195.498;1;1
2015;1982;26.868;330.379;348.337;1;1
2015;1983;12.501;225.776;211.409;1;1
2015;1984;29.07;326.477;343.046;1;1
2015;1985;28.859;208.636;196.514;2;1
2015;1986;8.092;182.73;173.763;1;1
2015;1987;28.404;356.182;376.494;1;1
2015;1988;10.167;165.609;147.372;1;1
2015;1989;16.939;239.993;246.765;1;1
2015;1990;19.355;257.332;259.748;1;1
2015;1991;14.898;197.418;192.961;1;1
2015;1992;25.603;178.933;189.638;1;1
2015;1993;18.302;305.648;298.347;1;1
2015;1994;10.843;200.919;193.46;1;1
2015;1995;19.895;387.71;396.762;1;1
2015;1996;37.38;177.083;194.568;1;1
2015;1997;20.747;333.165;316.532;1;1
2015;1998;35.727;155.998;170.978;1;1
2015;1999;27.817;289.177;281.267;1;1
2015;2000;12.3;601.427;585.91;1;1
2015;2001;12.976;176.736;177.412;1;1
2015;2002;22.438;367.819;377.281;1;1
2015;2003;9.247;225.889;212.698;1;1
2015;2004;15.599;218.654;225.006;1;1
2015;2005;6.179;222.497;213.077;1;1
2015;2006;19.406;340.392;353.619;1;1
2015;2007;32.037;208.694;221.325;1;1
2015;2008;17.336;210.996;196.295;1;1
2015;2009;29.336;352.915;364.915;1;1
2015;2010;8.005;261.729;240.398;1;1
2015;2011;10.852;179.053;181.9;1;1
2015;2012;9.884;287.786;286.818;1;1
2015;2013;30.308;350.68;371.104;1;1
2015;2014;37.64;338.965;346.297;1;1
2015;2015;16.61;365.376;344.346;1;1
2015;2016;14.58;131.098;129.068;1;1
2015;2017;60.625;207.912;253.957;1;1
2015;2018;27.937;208.048;175.36;1;1
2015;2019;30.573;328.939;331.575;1;1
2015;2020;19.982;314.796;304.205;1;1
2016;1962;7;314.703;;1;1
2016;1963;0;403.742;;1;1
2016;1964;23.2;174.398;197.598;1;1
2016;1965;153.3;378.959;509.059;1;1
2016;1966;60;398.684;305.384;1;1
2016;1967;150.4;273.612;364.012;1;1
2016;1968;126.3;305.882;281.782;1;1
2016;1969;104.8;370.224;348.724;1;1
2016;1970;155.7;273.612;324.512;1;1
2016;1971;136.5;430.756;411.556;1;1
2016;1972;112.9;358.309;334.709;1;1
2016;1973;109.8;336.053;332.953;1;1
2016;1974;76;234.662;200.862;1;1
2016;1975;68.8;206.505;199.305;1;1
2016;1976;178;200.578;309.778;1;1
2016;1977;121.9;499.012;442.912;1;1
2016;1978;150.8;482.008;510.908;1;1
2016;1979;145.9;356.832;351.932;1;1
2016;1980;66.5;277.551;198.151;1;1
2016;1981;43.6;223.508;200.608;1;1
2016;1982;151.305;269.531;377.236;1;1
2016;1983;124.306;243.651;216.652;1;1
2016;1984;145.751;383.171;404.616;1;1
2016;1985;75.674;344.082;274.005;1;1
2016;1986;38.878;293.562;256.766;1;1
2016;1987;140.389;319.524;421.035;1;1
2016;1988;36.026;207.593;103.23;1;1
2016;1989;43.575;287.545;295.094;1;1
2016;1990;68.287;307.317;332.029;1;1
2016;1991;54.505;242.175;228.393;1;1
2016;1992;57.226;247.579;250.3;1;1
2016;1993;61.983;323.59;328.347;1;1
2016;1994;28.458;255.751;222.226;1;1
2016;1995;114.65;319.596;405.788;1;1
2016;1996;86.09;253.298;224.738;1;1
2016;1997;114.404;320.808;349.122;1;1
2016;1998;28.06;293.332;206.988;1;1
2016;1999;95.99;263.496;331.426;1;1
2016;2000;95.377;622.858;622.245;1;1
2016;2001;25.625;244.57;174.818;1;1
2016;2002;109.588;303.364;387.327;1;1
2016;2003;79.856;291.77;262.038;1;1
2016;2004;31.804;316.802;268.75;1;1
2016;2005;27.899;200.444;196.539;1;1
2016;2006;142.994;258.605;373.7;1;1
2016;2007;153.909;209.247;220.162;1;1
2016;2008;45.628;311.639;203.358;1;1
2016;2009;32.751;446.406;433.529;1;1
2016;2010;34.908;307.147;309.304;1;1
2016;2011;23.083;189.183;177.358;1;1
2016;2012;136.254;205.751;318.922;1;1
2016;2013;110.994;351.292;326.032;1;1
2016;2014;113.34;340.894;343.24;1;1
2016;2015;139.07;301.365;327.095;1;1
2016;2016;24.797;207.846;93.573;1;1
2016;2017;131.736;183.012;289.951;1;1
2016;2018;44.95;237.573;150.787;1;1
2016;2019;139.294;254.286;348.63;1;1
2016;2020;71.708;301.961;234.375;1;1
2026;1951;0.59;391.78;401.26;2;2
2026;1952;1.67;516.01;513.75;2;2
2026;1953;0.25;496.68;496.67;2;2
2026;1954;0.25;362.05;385;2;2
2026;1955;0.35;469.08;552.51;2;2
2026;1956;58;315.39;288.16;2;2
2026;1957;25.75;464.398;537.46;2;2
2026;1958;149.4;450.611;;1;1
2026;1959;68;884.896;803.496;1;1
2026;1960;5;604.636;541.636;1;1
2026;1961;83.486;;;1;1
2026;1962;167.1;661.634;745.248;1;1
2026;1963;63.76;636.137;532.797;1;1
2026;1964;79.4;380.238;395.878;1;1
2026;1965;78;594.708;593.308;1;1
2026;1966;25.8;428.95;376.75;1;1
2026;1967;38.3;382.925;395.425;1;1
2026;1968;53.3;461.445;476.445;1;1
2026;1969;38;434.419;419.119;1;1
2026;1970;68.3;428.734;459.034;1;1
2026;1971;66.6;506.58;504.88;1;1
2026;1972;34.4;517.579;485.379;1;1
2026;1973;41.7;466.586;473.886;1;1
2026;1974;60.5;308.604;327.404;1;1
2026;1975;64.7;398.14;402.34;1;1
2026;1976;76.9;514.814;527.014;1;1
2026;1977;42.5;601.206;566.806;1;1
2026;1978;34.3;761.694;753.494;1;1
2026;1979;27.9;470.828;464.428;1;1
2026;1980;27.4;327.231;326.731;1;1
2026;1981;18.6;322.98;314.18;1;1
2026;1982;35.471;502.4;519.271;1;1
2026;1983;49.478;369.209;383.216;1;1
2026;1984;35.755;530.62;516.897;1;1
2026;1985;20.59;311.444;296.279;1;1
2026;1986;15.977;275.106;270.493;1;1
2026;1987;54.472;578.424;616.919;1;1
2026;1988;27.833;272.048;245.409;1;1
2026;1989;33.353;340.97;346.49;1;1
2026;1990;39.536;464.259;470.442;1;1
2026;1991;12.825;361.027;334.316;1;1
2026;1992;83.452;296.409;367.036;1;1
2026;1993;45.946;425.478;387.972;1;1
2026;1994;19.454;286.799;260.307;1;1
2026;1995;79.768;497.118;557.432;1;1
2026;1996;120.9;299.943;341.075;1;1
2026;1997;59.515;490.684;429.299;1;1
2026;1998;38.844;267.172;246.501;1;1
2026;1999;65.356;358.549;385.061;1;1
2026;2000;55.162;733.834;723.64;1;1
2026;2001;28.818;277.304;250.96;1;1
2026;2002;73.956;453.449;498.587;1;1
2026;2003;75.193;364.4;365.637;1;1
2026;2004;34.597;386.024;345.428;1;1
2026;2005;26.932;290.879;283.214;1;1
2026;2006;86.028;442.517;501.613;1;1
2026;2007;29.901;266.878;210.751;1;1
2026;2008;29.59;334.586;334.275;1;1
2026;2009;85.596;458.573;514.579;1;1
2026;2010;63.82;394.431;372.655;1;1
2026;2011;24.465;278.032;238.677;1;1
2026;2012;63.1;415.964;454.599;1;1
2026;2013;72.339;503.413;512.652;1;1
2026;2014;64.63;446.446;438.737;1;1
2026;2015;79.07;502.397;516.837;1;1
2026;2016;16.382;261.384;198.696;1;1
2026;2017;154.217;339.342;477.177;1;1
2026;2018;83.408;335.235;264.426;1;1
2026;2019;90.648;478.096;485.336;1;1
2026;2020;88.763;426.149;424.264;1;1
2027;1953;1.517;15.941;13.63;2;2
2027;1954;0.33;26.639;30.635;2;2
2027;1955;4.252;30.019;30.542;2;2
2027;1956;4.59;10.956;6.998;2;2
2027;1957;0.173;15.681;21.027;2;2
2027;1958;7.93;17.12;;1;1
2027;1959;1;50.845;43.915;1;1
2027;1960;2.98;33.597;35.577;1;1
2027;1961;0.7;44.143;;1;1
2027;1962;2.8;49.524;51.624;1;1
2027;1963;0.84;39.658;37.698;1;1
2027;1964;0.8;19.552;19.512;1;1
2027;1965;0.28;51.645;51.125;1;1
2027;1966;0.41;27.198;27.328;1;1
2027;1967;1.63;24.467;25.687;1;1
2027;1968;0.97;69.941;69.281;1;1
2027;1969;0.29;132.134;131.454;1;1
2027;1970;8.34;34.957;43.007;1;1
2027;1971;2.19;35.184;29.034;1;1
2027;1972;2.84;;;1;1
2027;1973;1.13;40.857;39.147;1;1
2027;1974;0.33;19.297;18.497;1;1
2027;1975;0.53;12.789;12.989;1;1
2027;1976;2.42;39.967;41.857;1;1
2027;1977;0.84;41.722;40.142;1;1
2027;1978;1.69;51.011;51.861;1;1
2027;1979;1.17;28.3;27.78;1;1
2027;1980;0.34;11.72;10.89;1;1
2027;1981;0.69;25.997;26.347;1;1
2027;1982;4.785;26.079;30.174;1;1
2027;1983;2.64;30.486;28.341;1;1
2027;1984;0.839;41.867;40.066;1;1
2027;1985;1.473;25.115;25.749;1;1
2027;1986;1.083;14.017;13.627;1;1
2027;1987;7.75;36.368;43.035;1;1
2027;1988;3.451;23.735;19.436;1;1
2027;1989;1.284;27.705;25.538;1;1
2027;1990;1.236;30.765;30.717;1;1
2027;1991;1.131;16.167;16.062;1;1
2027;1992;6.927;20.612;26.408;1;1
2027;1993;1.127;38.957;33.157;1;1
2027;1994;1.535;29.926;30.334;1;1
2027;1995;2.715;45.718;46.898;1;1
2027;1996;7.03;24.881;29.196;1;1
2027;1997;3.019;46.272;42.261;1;1
2027;1998;1.64;15.428;14.049;1;1
2027;1999;2.815;29.39;30.565;1;1
2027;2000;1.057;73.066;71.308;1;1
2027;2001;1.198;9.663;9.804;1;1
2027;2002;4.016;47.101;49.919;1;1
2027;2003;4.125;29.284;29.393;1;1
2027;2004;0.984;20.913;17.772;1;1
2027;2005;1.995;19.809;20.82;1;1
2027;2006;3.888;46.939;48.832;1;1
2027;2007;1.345;18.179;15.636;1;1
2027;2008;2.04;24.518;25.213;1;1
2027;2009;3.489;50.151;51.6;1;1
2027;2010;3.564;35.199;35.274;1;1
2027;2011;1.103;13.062;10.601;1;1
2027;2012;2.908;42.695;44.5;1;1
2027;2013;3.939;56.673;57.704;1;1
2027;2014;3.54;32.421;32.022;1;1
2027;2015;5.12;61.437;63.017;1;1
2027;2016;2.768;17.552;15.2;1;1
2027;2017;8.549;33.072;38.853;1;1
2027;2018;3.252;29.112;23.815;1;1
2027;2019;4.246;49.538;50.532;1;1
2027;2020;5.694;39.519;40.967;1;1
2028;1956;12.78;65.99;55.23;2;2
2028;1957;3.3;80.57;81.85;2;2
2028;1958;3.91;80.184;;1;1
2028;1959;2.03;87.715;85.835;1;1
2028;1960;1.53;84.626;84.126;1;1
2028;1961;1.13;125.666;125.266;1;1
2028;1962;4;105.097;107.967;1;1
2028;1963;5.07;103.468;104.538;1;1
2028;1964;2.3;75.28;72.51;1;1
2028;1965;8.32;153.818;159.838;1;1
2028;1966;1.01;96.599;89.289;1;1
2028;1967;5.52;84.283;88.793;1;1
2028;1968;12.84;136.058;143.378;1;1
2028;1969;6.8;94.014;87.974;1;1
2028;1970;5.55;108.481;107.231;1;1
2028;1971;6.31;104.186;104.946;1;1
2028;1972;7.07;96.134;96.894;1;1
2028;1973;0.48;106.735;100.145;1;1
2028;1974;3.2;65.635;68.355;1;1
2028;1975;8.52;54.06;59.38;1;1
2028;1976;7.04;128.095;126.615;1;1
2028;1977;2.69;134.298;129.948;1;1
2028;1978;4.88;133.868;136.058;1;1
2028;1979;4.2;86.658;85.978;1;1
2028;1980;11.39;58.126;65.316;1;1
2028;1981;5.56;108.627;102.797;1;1
2028;1982;13.13;86.502;94.072;1;1
2028;1983;2.566;103.146;92.582;1;1
2028;1984;8.788;115.346;121.568;1;1
2028;1985;8.435;77.954;77.601;1;1
2028;1986;7.49;64.3;63.355;1;1
2028;1987;1.147;127.47;121.127;1;1
2028;1988;8.284;43.839;50.976;1;1
2028;1989;5.167;96.175;93.058;1;1
2028;1990;3.68;84.027;82.54;1;1
2028;1991;5.848;50.164;52.332;1;1
2028;1992;3.23;65.305;62.687;1;1
2028;1993;2.51;103.936;103.216;1;1
2028;1994;1.46;;;1;1
2028;1995;2.7;102.697;103.937;1;1
2028;1996;6.59;75.661;79.551;1;1
2028;1997;2.33;114.451;110.191;1;1
2028;1998;6.27;;;1;1
2028;1999;2.25;76.549;72.529;1;1
2028;2000;2.24;121.079;121.069;1;1
2028;2001;4.96;49.158;51.878;1;1
2028;2002;1.52;104.974;101.534;1;1
2028;2003;1.8;76.04;76.32;1;1
2028;2004;2.77;47.177;48.147;1;1
2028;2005;3.01;58.996;59.236;1;1
2028;2006;5.46;82.514;84.964;1;1
2028;2007;2.88;58.235;55.655;1;1
2028;2008;1.51;75.482;74.112;1;1
2028;2009;1.18;196.15;195.82;1;1
2028;2010;0.78;154.006;153.606;1;1
2028;2011;7.02;70.75;76.99;1;1
2028;2012;3.67;177.033;173.683;1;1
2028;2013;5.04;204.492;205.862;1;1
2028;2014;4.37;124.005;123.335;1;1
2028;2015;1.88;218.342;215.852;1;1
2028;2016;4.1;70.481;72.701;1;1
2028;2017;6.907;148.626;151.433;1;1
2028;2018;6.509;125.669;125.271;1;1
2028;2019;2.218;124.686;120.395;1;1
2028;2020;2.278;149.625;149.685;1;1
2029;1944;151;2313;2333;2;2
2029;1945;96;4798;4970;2;2
2029;1946;187;6435;6512;2;2
2029;1947;208;4257;4125;2;2
2029;1948;105;1575;1419;2;2
2029;1949;89;2448;2643;2;2
2029;1950;113;4215;4617;2;2
2029;1951;385;3850;3712;2;2
2029;1952;454;4061;3755;2;2
2029;1953;177;3483;3470;2;2
2029;1954;41;3459;3631;2;2
2029;1955;177;7046;7293;2;2
2029;1956;453;2266;2173;2;2
2029;1957;393;3991;4299;2;2
2029;1958;872.4;3745.181;3911.781;2;1
2029;1959;1039;9336.557;8991.557;2;1
2029;1960;694;5950.368;6040.868;2;1
2029;1961;784.5;8064.775;7872.475;2;1
2029;1962;592.2;4637.244;4990.744;2;1
2029;1963;945.7;;;2;1
2029;1964;628.7;2340.775;2346.075;2;1
2029;1965;634;8081.856;8215.856;2;1
2029;1966;768;3566.1;3324.1;2;1
2029;1967;526;2934.688;3174.688;2;1
2029;1968;766;5260.395;5321.395;2;1
2029;1969;827;4945.908;4768.908;2;1
2029;1970;650;3917.912;4025.912;2;1
2029;1971;758;3859.402;3915.702;2;1
2029;1972;814.3;4756.069;4293.969;2;1
2029;1973;352.2;3406.571;3914.371;2;1
2029;1974;860;2919.283;2524.283;2;1
2029;1975;465;2222.018;2163.018;2;1
2029;1976;406;4237.445;4340.445;2;1
2029;1977;509;7136.433;7094.433;2;1
2029;1978;467;8979.751;9078.751;2;1
2029;1979;566;3457.909;3625.909;2;1
2029;1980;734;2422.431;2035.431;2;1
2029;1981;347;2396.848;2419.548;2;1
2029;1982;369.7;4032.7;4329.7;2;1
2029;1983;666.7;3134.671;3061.771;2;1
2029;1984;593.8;5877.467;6187.767;2;1
2029;1985;904.1;2855.8;2449.5;2;1
2029;1986;497.8;2529.101;2361.701;2;1
2029;1987;330.4;5883.205;6393.742;2;1
2029;1988;840.937;1932.119;1571.882;2;1
2029;1989;480.7;4852.638;4758.898;2;1
2029;1990;461.842;3629.438;3698.8;1;1
2029;1991;558.475;;;1;1
2029;1992;469.237;2245.211;2155.973;1;1
2029;1993;460.482;3719.414;3710.659;1;1
2029;1994;152.984;2632.457;2324.959;1;1
2029;1995;650.49;6826.639;;1;1
2029;1996;160.38;3850.342;3360.232;1;1
2029;1997;604.141;4253.877;4697.638;1;1
2029;1998;506.285;1827.962;1730.106;1;1
2029;1999;456.277;3046.007;2995.999;1;1
2029;2000;605.236;10260.018;10408.977;1;1
2029;2001;485.582;1804.264;1684.61;1;1
2029;2002;673.558;5561.823;5749.799;1;1
2029;2003;272.014;3554.141;;1;1
2029;2004;312.109;2030.642;2070.737;1;1
2029;2005;321.896;2032.601;2042.388;1;1
2029;2006;450.688;4782.325;4911.117;1;1
2029;2007;502.107;1887.424;1938.843;1;1
2029;2008;361.404;1958.394;1817.691;1;1
2029;2009;572.407;5763.137;5974.14;1;1
2029;2010;624.917;3927.919;3980.429;1;1
2029;2011;405.833;1768.515;1549.431;1;1
2029;2012;628.716;3223.719;3446.602;1;1
2029;2013;668.055;5046.675;5086.014;1;1
2029;2014;517.45;3707.404;3556.799;1;1
2029;2015;642.81;5985.09;6110.45;1;1
2029;2016;104.812;1995.076;1457.078;1;1
2029;2017;549.43;2277.656;2722.274;1;1
2029;2018;428.945;1900.666;1780.181;1;1
2029;2019;544.622;3993.395;4109.072;1;1
2029;2020;131.861;3834.684;3421.923;1;1
2030;1969;123.67;364.999;;1;1
2030;1970;26.84;377.349;280.519;1;1
2030;1971;192.63;243.089;408.879;1;1
2030;1972;149.93;371.247;328.547;1;1
2030;1973;144.71;326.919;321.699;1;1
2030;1974;124.93;306.249;286.469;1;1
2030;1975;85.5;289.561;250.131;1;1
2030;1976;113.3;290.088;317.888;1;1
2030;1977;34.2;509.484;430.384;1;1
2030;1978;58.9;481.818;506.518;1;1
2030;1979;54.7;359.796;355.596;1;1
2030;1980;42.7;322.125;310.125;1;1
2030;1981;46;257.049;260.349;1;1
2030;1982;25.529;417.606;397.135;1;1
2030;1983;76.125;293.89;344.486;1;1
2030;1984;38.054;420.98;382.909;1;1
2030;1985;60.748;269.326;292.02;1;1
2030;1986;51.772;286.272;277.296;1;1
2030;1987;79.03;457.942;485.2;1;1
2030;1988;39.663;207.054;167.687;1;1
2030;1989;69.713;241.887;271.937;1;1
2030;1990;84.892;310.338;325.517;1;1
2030;1991;82.698;227.699;225.505;1;1
2030;1992;107.425;224.801;249.528;1;1
2030;1993;133.906;293.961;320.442;1;1
2030;1994;110.115;241.887;218.096;1;1
2030;1995;144.79;329.111;363.786;1;1
2030;1996;122.1;266.026;243.336;1;1
2030;1997;107.773;305.438;291.111;1;1
2030;1998;85.844;244.252;222.323;1;1
2030;1999;66.065;298.586;278.807;1;1
2030;2000;49.13;443.532;426.597;1;1
2030;2001;45.091;186.425;182.386;1;1
2030;2002;125.702;298.273;378.884;1;1
2030;2003;127.18;284.978;286.456;1;1
2030;2004;101.264;303.691;277.775;1;1
2030;2005;90.922;259.105;248.763;1;1
2030;2006;147.706;313.56;370.344;1;1
2030;2007;96.773;227.52;176.587;1;1
2030;2008;129.307;280.179;312.713;1;1
2030;2009;133.91;383.393;387.996;1;1
2030;2010;81.372;352.998;300.46;1;1
2030;2011;45.478;281.446;245.552;1;1
2030;2012;128.667;314.336;397.525;1;1
2030;2013;106.893;429.586;407.812;1;1
2030;2014;99.22;403.544;395.871;1;1
2030;2015;108.12;392.752;401.652;1;1
2030;2016;52.663;224.175;168.718;1;1
2030;2017;160.31;282.091;389.738;1;1
2030;2018;116.358;289.984;246.032;1;1
2030;2019;133.547;349.625;366.814;1;1
2030;2020;127.462;354.997;348.912;1;1
2031;1974;152.6;386.588;267.888;2;1
2031;1975;33.9;157.015;189.315;2;1
2031;1976;66.2;553.815;644.615;2;1
2031;1977;157;760.13;735.93;2;1
2031;1978;132.8;1010.241;959.241;2;1
2031;1979;81.8;394.926;381.626;2;1
2031;1980;68.5;198.132;226.632;2;1
2031;1981;97;419.014;391.914;2;1
2031;1982;69.9;472.096;470.696;2;1
2031;1983;68.5;395.897;429.897;2;1
2031;1984;102.5;707.298;690.298;2;1
2031;1985;85.5;388.497;379.397;2;1
2031;1986;76.4;365.298;333.998;2;1
2031;1987;45.1;758.643;778.183;2;1
2031;1988;63.474;187.799;186.757;1;1
2031;1989;21.681;646.755;604.962;1;1
2031;1990;26.136;392.198;396.653;1;1
2031;1991;33.118;177.664;184.646;1;1
2031;1992;62.5;202.221;231.603;1;1
2031;1993;87.439;525.619;550.558;1;1
2031;1994;9.273;384.069;305.903;1;1
2031;1995;45.463;786.072;;1;1
2031;1996;90.03;353.615;398.182;1;1
2031;1997;55.986;625.2;591.156;1;1
2031;1998;22.29;232.591;198.895;1;1
2031;1999;120.83;297.015;395.555;1;1
2031;2000;99.481;1153.832;1132.483;1;1
2031;2001;36.918;269.101;206.538;1;1
2031;2002;68.388;676.316;707.786;1;1
2031;2003;27.731;372.256;331.599;1;1
2031;2004;21.136;197.95;191.355;1;1
2031;2005;42.047;251.414;272.325;1;1
2031;2006;108.078;528.554;594.585;1;1
2031;2007;35.051;314.98;241.953;1;1
2031;2008;23.653;208.431;197.033;1;1
2031;2009;88.846;683.002;748.195;1;1
2031;2010;50.663;538.571;500.388;1;1
2031;2011;23.53;225.311;198.178;1;1
2031;2012;89.836;398.619;464.925;1;1
2031;2013;110.602;575.346;596.112;1;1
2031;2014;46.1;415.283;350.781;1;1
2031;2015;51.85;684.448;690.198;1;1
2031;2016;28.148;228.973;205.271;1;1
2031;2017;50.036;323.13;345.018;1;1
2031;2018;33.299;233.33;216.593;1;1
2031;2019;63.593;430.474;460.768;1;1
2031;2020;41.825;427.326;405.558;1;1
2032;1987;18.377;;;1;1
2032;1988;3.4;388.291;373.314;1;1
2032;1989;161.315;426.803;584.718;1;1
2032;1990;163.788;651.528;654.001;1;1
2032;1991;200.932;482.598;519.742;1;1
2032;1992;327.093;393.772;519.933;1;1
2032;1993;298.966;728.474;700.347;1;1
2032;1994;239.255;553.687;493.976;1;1
2032;1995;369.524;608.142;738.411;1;1
2032;1996;230.28;655.306;516.062;1;1
2032;1997;315.995;543.941;629.656;1;1
2032;1998;247.198;560.773;491.976;1;1
2032;1999;322.313;538.924;614.039;1;1
2032;2000;170.245;1159.111;1007.043;1;1
2032;2001;83.994;482.938;396.687;1;1
2032;2002;274.985;587.928;778.919;1;1
2032;2003;269.619;575.724;570.358;1;1
2032;2004;232.146;573.913;536.44;1;1
2032;2005;191.836;565.275;524.965;1;1
2032;2006;271.913;674.313;754.39;1;1
2032;2007;207.81;452.473;388.37;1;1
2032;2008;219.78;564.807;576.777;1;1
2032;2009;335.463;665.755;781.438;1;1
2032;2010;210.436;670.476;545.449;1;1
2032;2011;125.057;546.764;461.385;1;1
2032;2012;302.629;569.778;747.35;1;1
2032;2013;250.105;799.56;747.036;1;1
2032;2014;231.22;793.089;774.204;1;1
2032;2015;262.94;755.199;786.919;1;1
2032;2016;91.919;457.815;286.794;1;1
2032;2017;379.163;463.081;750.325;1;1
2032;2018;245.512;592.132;458.481;1;1
2032;2019;274.087;708.074;736.649;1;1
2032;2020;265.697;648.078;639.688;1;1
2033;1988;101.592;;;1;1
2033;1989;92;782.787;792.499;2;1
2033;1990;80.031;453.443;431.642;1;1
2033;1991;96.026;165.243;181.238;1;1
2033;1992;95.561;210.324;209.859;1;1
2033;1993;87.805;571.204;563.448;1;1
2033;1994;89.828;427.646;429.669;1;1
2033;1995;159.89;964.692;;1;1
2033;1996;155.99;425.077;421.177;1;1
2033;1997;152.187;750.074;746.271;1;1
2033;1998;153.447;252.404;253.664;1;1
2033;1999;157.188;373.062;376.803;1;1
2033;2000;151.632;1470.174;1464.618;1;1
2033;2001;157.085;294.821;300.274;1;1
2033;2002;160.28;811.084;814.279;1;1
2033;2003;155.031;429.616;424.367;1;1
2033;2004;114.197;255.481;214.647;1;1
2033;2005;149.529;244.131;279.463;1;1
2033;2006;155.613;574.5;580.584;1;1
2033;2007;156.665;338.119;339.171;1;1
2033;2008;135.908;252.51;231.753;1;1
2033;2009;151.46;795.866;811.418;1;1
2033;2010;153.757;608.043;610.34;1;1
2033;2011;146.501;242.793;235.537;1;1
2033;2012;155.38;432.573;441.452;1;1
2033;2013;149.871;641.866;636.357;1;1
2033;2014;153.76;443.806;447.695;1;1
2033;2015;152.95;767.247;766.437;1;1
2033;2016;139.089;251.357;237.496;1;1
2033;2017;161.29;317.965;340.166;1;1
2033;2018;154.222;257.21;250.142;1;1
2033;2019;150.552;490.549;486.879;1;1
2033;2020;157.711;438.925;446.084;1;1
2034;1994;;;;1;1
2034;1995;33.235;;;1;1
2034;1996;34.037;532.444;533.246;1;1
2034;1997;25.789;902.958;894.71;1;1
2034;1998;30.938;274.713;279.862;1;1
2034;1999;34.284;502.804;506.15;1;1
2034;2000;31.818;1933.8;1931.334;1;1
2034;2001;27.613;343.276;339.071;1;1
2034;2002;33.404;1077.579;1083.37;1;1
2034;2003;33.45;507.206;507.252;1;1
2034;2004;31.702;292.296;290.548;1;1
2034;2005;30.126;304.345;302.769;1;1
2034;2006;33.054;790.149;793.077;1;1
2034;2007;35.111;379.828;381.885;1;1
2034;2008;28.447;269.4;262.736;1;1
2034;2009;31.075;1176.547;1179.175;1;1
2034;2010;34.766;760.16;763.851;1;1
2034;2011;29.705;277.854;272.793;1;1
2034;2012;34.119;516.771;521.185;1;1
2034;2013;33.319;825.377;824.577;1;1
2034;2014;31.73;513.285;511.696;1;1
2034;2015;33.65;1032.779;1034.699;1;1
2034;2016;27.711;279.309;273.37;1;1
2034;2017;35.251;392.281;399.821;1;1
2034;2018;31.639;274.218;270.606;1;1
2034;2019;32.99;611.45;612.801;1;1
2034;2020;34.459;518.75;520.219;1;1
2036;1951;6.233;62.738;57.913;2;2
2036;1952;0.342;32.537;31.779;2;2
2036;1953;1.785;37.605;57.389;2;2
2036;1954;18.417;77.223;86.614;2;2
2036;1955;26.872;172.364;170.149;2;2
2036;1956;23.559;61.283;41.821;2;2
2036;1957;9.806;66.335;65;2;2
2036;1958;7.9;81.772;;1;1
2036;1959;14;257.393;263.493;1;1
2036;1960;16.2;184.781;186.981;1;1
2036;1961;8.2;159.218;151.218;1;1
2036;1962;0.8;122.316;114.916;1;1
2036;1963;13.3;133.702;146.202;1;1
2036;1964;4.2;66.079;56.979;1;1
2036;1965;14.11;206.398;216.308;1;1
2036;1966;8.49;103.923;98.303;1;1
2036;1967;7.7;85.972;85.182;1;1
2036;1968;18.92;97.864;109.084;1;1
2036;1969;2.83;101.122;85.032;1;1
2036;1970;10.79;69.523;77.483;1;1
2036;1971;11.46;102.012;102.682;1;1
2036;1972;5.61;74.306;68.456;1;1
2036;1973;6.09;77.145;77.625;1;1
2036;1974;11.38;57.835;63.125;1;1
2036;1975;2.73;32.607;23.957;1;1
2036;1976;26.77;114.592;138.632;1;1
2036;1977;17.2;131.543;121.973;1;1
2036;1978;17.75;112.566;113.116;1;1
2036;1979;16.31;76.637;75.197;1;1
2036;1980;2.27;48.635;34.595;1;1
2036;1981;2.27;31.956;31.956;1;1
2036;1982;7.033;26.437;31.2;1;1
2036;1983;18.461;47.735;59.163;1;1
2036;1984;16.122;79.41;77.071;1;1
2036;1985;16.926;54.845;55.649;1;1
2036;1986;8.933;44.176;36.183;1;1
2036;1987;24.658;50.721;66.446;1;1
2036;1988;7.601;44.003;26.946;1;1
2036;1989;5.364;40.239;38.002;1;1
2036;1990;20.603;47.492;62.731;1;1
2036;1991;5.306;32.723;17.426;1;1
2036;1992;14.277;30.951;39.922;1;1
2036;1993;18.432;42.827;46.982;1;1
2036;1994;13.094;41.202;35.864;1;1
2036;1995;28.863;69.261;85.03;1;1
2036;1996;31.76;59.248;62.145;1;1
2036;1997;31.023;116.886;116.149;1;1
2036;1998;19.126;40.772;28.875;1;1
2036;1999;23.103;29.54;33.517;1;1
2036;2000;30.279;91.358;98.534;1;1
2036;2001;11.742;35.554;17.017;1;1
2036;2002;28.424;71.971;88.653;1;1
2036;2003;27.816;64.853;64.245;1;1
2036;2004;12.093;31.916;16.193;1;1
2036;2005;23.844;26.485;38.236;1;1
2036;2006;32.529;35.694;44.379;1;1
2036;2007;33.882;31.454;32.807;1;1
2036;2008;23.428;77.415;66.961;1;1
2036;2009;33.093;58.727;68.392;1;1
2036;2010;28.356;45.33;40.593;1;1
2036;2011;15.407;29.368;16.419;1;1
2036;2012;30.818;74.937;90.348;1;1
2036;2013;25.482;66.125;60.789;1;1
2036;2014;27.29;36.53;38.338;1;1
2036;2015;28.7;76.885;78.295;1;1
2036;2016;15.055;35.224;21.579;1;1
2036;2017;29.009;83.7;97.654;1;1
2036;2018;26.776;31.278;29.045;1;1
2036;2019;30.31;60.891;64.425;1;1
2036;2020;28.047;72.234;69.971;1;1
2037;1944;5.9;81.2;79.7;2;2
2037;1945;4.45;155.02;155.91;2;2
2037;1946;5.4;175.93;176.18;2;2
2037;1947;5.43;136.25;131.2;2;2
2037;1948;1.06;56.08;56.07;2;2
2037;1949;1.02;51.28;81.58;2;2
2037;1950;0.97;134.28;132.73;2;2
2037;1951;0;87.84;99.69;2;2
2037;1952;7.22;61.14;57.55;2;2
2037;1953;6.58;73.78;72.69;2;2
2037;1954;3.67;82.45;86.81;2;2
2037;1955;10.12;108.78;106.21;2;2
2037;1956;8.45;52.79;55.3;2;2
2037;1957;8.98;84.93;80.68;2;2
2037;1958;9.62;83.288;;1;1
2037;1959;7.39;214.373;212.143;1;1
2037;1960;8.03;161.203;161.843;1;1
2037;1961;8.9;148.906;149.776;1;1
2037;1962;7.1;120.64;118.84;1;1
2037;1963;7.7;145.732;146.332;1;1
2037;1964;10.7;77.319;80.319;1;1
2037;1965;9.51;220.262;219.072;1;1
2037;1966;7.57;146.529;144.589;1;1
2037;1967;5.23;106.245;103.905;1;1
2037;1968;4.25;116.203;115.223;1;1
2037;1969;10.27;97.548;103.568;1;1
2037;1970;5.69;94.273;89.693;1;1
2037;1971;7.13;128.487;129.927;1;1
2037;1972;2.81;105.715;101.395;1;1
2037;1973;10.7;89.543;97.433;1;1
2037;1974;3.34;82.477;75.117;1;1
2037;1975;4.48;45.992;47.132;1;1
2037;1976;7.77;127.166;130.456;1;1
2037;1977;7.45;131.241;130.921;1;1
2037;1978;7.37;109.905;109.825;1;1
2037;1979;10.46;103.744;106.834;1;1
2037;1980;0;71.499;61.039;1;1
2037;1981;1.09;54.689;55.779;1;1
2037;1982;4.36;47.255;50.525;1;1
2037;1983;7.45;84.767;87.857;1;1
2037;1984;3.01;115.731;111.291;1;1
2037;1985;4;82.008;82.998;1;1
2037;1986;7.01;;;1;1
2037;1987;5.97;105.023;103.983;1;1
2037;1988;7.109;;;1;1
2037;1989;6.91;;;1;1
2037;1990;2.18;92.741;88.011;1;1
2037;1991;7.223;31.129;;1;1
2037;1992;6.786;63.199;62.762;1;1
2037;1993;5.578;74.478;73.27;1;1
2037;1994;6.692;56.369;57.483;1;1
2037;1995;5.643;106.507;105.458;1;1
2037;1996;5.68;86.888;86.925;1;1
2037;1997;5.512;131.206;131.038;1;1
2037;1998;5.512;55.202;55.202;1;1
2037;1999;5.891;60.945;61.324;1;1
2037;2000;5.544;129.504;129.157;1;1
2037;2001;5.553;45.328;45.337;1;1
2037;2002;5.536;128.027;128.01;1;1
2037;2003;5.56;97.579;97.603;1;1
2037;2004;5.73;54.543;54.713;1;1
2037;2005;5.44;78.296;78.006;1;1
2037;2006;5.39;77.741;77.691;1;1
2037;2007;6;68.369;68.979;1;1
2037;2008;5.4;100.566;99.966;1;1
2037;2009;5.41;98.205;98.215;1;1
2037;2010;5.41;79.033;79.033;1;1
2037;2011;5.42;56.27;56.28;1;1
2037;2012;6.18;129.52;130.28;1;1
2037;2013;7.54;102.332;103.692;1;1
2037;2014;7.7;81.253;81.413;1;1
2037;2015;7.6;102.34;102.24;1;1
2037;2016;7.67;55.064;55.134;1;1
2037;2017;8.14;124.3;124.77;1;1
2037;2018;8.44;61.434;61.734;1;1
2037;2019;8.08;87.449;87.089;1;1
2037;2020;9.49;99.927;101.337;1;1
2038;1954;3;939;940;2;2
2038;1955;19;1563;1599;2;2
2038;1956;23;264;314;2;2
2038;1957;53;;;2;2
2038;1958;154.4;982.204;;1;1
2038;1959;7;1664.349;1516.949;1;1
2038;1960;14.1;928.299;935.399;1;1
2038;1961;34.9;1367.133;1387.933;1;1
2038;1962;294.7;905.118;1164.918;1;1
2038;1963;217.45;1599.083;1521.833;1;1
2038;1964;121.9;592.307;496.757;1;1
2038;1965;187.1;1658.137;1723.337;1;1
2038;1966;112.9;862.082;787.882;1;1
2038;1967;167.7;583.053;637.853;1;1
2038;1968;159.7;1083.802;1075.802;1;1
2038;1969;99.1;977.435;916.835;1;1
2038;1970;175.4;729.855;806.155;1;1
2038;1971;105.9;860.224;790.724;1;1
2038;1972;66.6;1087.854;1048.554;1;1
2038;1973;211.7;720.913;866.013;1;1
2038;1974;189.5;584.928;562.728;1;1
2038;1975;149;369.455;328.955;1;1
2038;1976;223.7;876.053;950.753;1;1
2038;1977;175.5;1251.66;1203.46;1;1
2038;1978;121.9;1433.411;1379.811;1;1
2038;1979;59.8;565.799;503.699;1;1
2038;1980;70.9;262.397;273.497;1;1
2038;1981;172.5;342.308;443.908;1;1
2038;1982;228.476;470.115;526.091;1;1
2038;1983;188.391;845.579;805.494;1;1
2038;1984;176.967;877.36;865.936;1;1
2038;1985;170.684;365.484;359.201;1;1
2038;1986;185.393;576.917;591.626;1;1
2038;1987;152.063;1033.963;1000.633;1;1
2038;1988;90.315;399.787;338.039;1;1
2038;1989;144.696;1268.928;1323.309;1;1
2038;1990;144.564;612.31;612.178;1;1
2038;1991;75.807;364.635;295.878;1;1
2038;1992;113.708;265.677;303.578;1;1
2038;1993;169.827;932.227;988.346;1;1
2038;1994;49.698;365.715;245.586;1;1
2038;1995;275.966;1112.765;1339.033;1;1
2038;1996;251.63;781.216;756.88;1;1
2038;1997;249.953;1172.51;1170.833;1;1
2038;1998;163.321;352.861;266.229;1;1
2038;1999;255.376;519.718;611.773;1;1
2038;2000;212.904;1515.427;1472.955;1;1
2038;2001;299.49;390.202;476.788;1;1
2038;2002;244.14;1183.477;1128.127;1;1
2038;2003;252.822;678.815;687.497;1;1
2038;2004;87.424;417.33;251.932;1;1
2038;2005;200.376;431.617;544.569;1;1
2038;2006;259.783;816.578;875.985;1;1
2038;2007;288.104;517.267;545.588;1;1
2038;2008;153.357;423.41;288.663;1;1
2038;2009;268.979;766.734;882.356;1;1
2038;2010;265.852;823.471;820.344;1;1
2038;2011;180.109;490.257;404.514;1;1
2038;2012;226.093;811.32;857.304;1;1
2038;2013;272.472;772.108;818.487;1;1
2038;2014;199.59;632.915;560.033;1;1
2038;2015;251.97;785.505;837.885;1;1
2038;2016;216.35;471.709;436.089;1;1
2038;2017;313.35;680.98;777.98;1;1
2038;2018;176.539;407.729;270.918;1;1
2038;2019;268.61;607.838;699.909;1;1
2038;2020;257.59;809.287;798.267;1;1
2039;1944;3.36;60.61;55.23;2;2
2039;1945;3.11;663.2;671.16;2;2
2039;1946;5.86;567.44;564.68;2;2
2039;1947;3.78;311.82;312.57;2;2
2039;1948;2.94;128.47;137.65;2;2
2039;1949;15.19;333.21;324.01;2;2
2039;1950;3.25;340.39;342.41;2;2
2039;1951;4.74;2175.13;549.62;2;2
2039;1952;2.33;339.52;335.26;2;2
2039;1953;15.7;465.25;462.86;2;2
2039;1954;1.75;634.94;640.85;2;2
2039;1955;2.37;959.58;963.93;2;2
2039;1956;15.7;261.42;256.7;2;2
2039;1957;3.03;464.15;465.02;2;2
2039;1958;9.04;571.202;;1;1
2039;1959;5.2;967.205;963.365;1;1
2039;1960;4.4;566.844;566.044;1;1
2039;1961;3.36;796.617;795.577;1;1
2039;1962;3.8;732.188;732.628;1;1
2039;1963;2.49;624.364;623.054;1;1
2039;1964;6.1;101.814;105.424;1;1
2039;1965;15.7;872.346;881.946;1;1
2039;1966;5.54;147.589;137.429;1;1
2039;1967;;;;1;1
2039;1968;7.64;;;1;1
2039;1969;6.96;659.693;659.013;1;1
2039;1970;13.22;510.659;516.919;1;1
2039;1971;8.39;514.014;509.184;1;1
2039;1972;6.4;714.709;712.719;1;1
2039;1973;7.19;458.916;459.706;1;1
2039;1974;6.47;317.454;316.734;1;1
2039;1975;10.11;124.897;128.537;1;1
2039;1976;7.64;590.406;587.936;1;1
2039;1977;7.64;938.657;938.657;1;1
2039;1978;7.35;1100.873;1100.583;1;1
2039;1979;7.1;212.17;211.92;1;1
2039;1980;8.01;76.106;77.016;1;1
2039;1981;12;209.809;213.799;1;1
2039;1982;7.145;311.386;306.531;1;1
2039;1983;7.599;425.217;425.671;1;1
2039;1984;6.225;585.249;583.875;1;1
2039;1985;13.684;195.21;202.669;1;1
2039;1986;11.264;378.174;375.754;1;1
2039;1987;11.62;754.859;755.215;1;1
2039;1988;6.19;239.058;233.628;1;1
2039;1989;4.678;964.561;963.049;1;1
2039;1990;2.304;425.632;423.258;1;1
2039;1991;6.148;53.225;57.069;1;1
2039;1992;8.445;101.405;103.702;1;1
2039;1993;6.344;603.172;601.071;1;1
2039;1994;6.792;124.764;125.212;1;1
2039;1995;9.553;936.843;939.604;1;1
2039;1996;9.33;535.378;535.155;1;1
2039;1997;9.076;606.577;606.323;1;1
2039;1998;6.751;75.317;72.992;1;1
2039;1999;8.462;221.274;222.985;1;1
2039;2000;9.686;980.155;981.379;1;1
2039;2001;15.877;167.191;173.382;1;1
2039;2002;8.496;735.135;727.754;1;1
2039;2003;7.69;389.959;389.153;1;1
2039;2004;7.317;77.992;77.619;1;1
2039;2005;8.353;202.877;203.913;1;1
2039;2006;13.991;552.1;557.738;1;1
2039;2007;10.64;280.151;276.8;1;1
2039;2008;5.512;75.478;70.35;1;1
2039;2009;13.418;469.73;477.636;1;1
2039;2010;15.619;377.552;379.753;1;1
2039;2011;1.51;136.037;121.928;1;1
2039;2012;11.632;320.258;330.38;1;1
2039;2013;16.041;433.193;437.602;1;1
2039;2014;4.08;183.953;171.992;1;1
2039;2015;4.61;421.013;421.543;1;1
2039;2016;4.74;245.692;245.822;1;1
2039;2017;3.629;223.879;222.768;1;1
2039;2018;9.031;61.023;66.425;1;1
2039;2019;15.565;269.266;275.8;1;1
2039;2020;19.357;295.857;299.649;1;1
2040;1969;4.26;94.251;;1;1
2040;1970;4.5;101.534;101.774;1;1
2040;1971;4.48;132.63;132.61;1;1
2040;1972;4.47;122.494;122.484;1;1
2040;1973;4.4;95.974;95.904;1;1
2040;1974;4.36;95.323;95.283;1;1
2040;1975;4.45;45.782;45.872;1;1
2040;1976;4.39;153.585;153.525;1;1
2040;1977;4.37;149.591;149.571;1;1
2040;1978;4.34;130.715;130.685;1;1
2040;1979;4.5;106.731;106.891;1;1
2040;1980;4.34;145.496;145.336;1;1
2040;1981;2.95;57.284;55.894;1;1
2040;1982;4.2;55.916;57.166;1;1
2040;1983;4.26;93.334;93.394;1;1
2040;1984;4.42;106.874;107.034;1;1
2040;1985;4.323;73.876;73.779;1;1
2040;1986;4.36;67.583;67.62;1;1
2040;1987;4.15;114.083;113.873;1;1
2040;1988;4.173;;;1;1
2040;1989;4.31;;;1;1
2040;1990;4.13;102.23;102.05;1;1
2040;1991;3.897;37.729;37.496;1;1
2040;1992;3.996;68.358;68.457;1;1
2040;1993;3.943;77.218;77.165;1;1
2040;1994;3.843;55.684;55.584;1;1
2040;1995;3.877;112.859;112.893;1;1
2040;1996;3.69;94.327;94.14;1;1
2040;1997;3.801;143.951;144.062;1;1
2040;1998;3.746;54.617;54.562;1;1
2040;1999;3.166;60.472;59.892;1;1
2040;2000;3.726;124.832;125.392;1;1
2040;2001;3.561;42.114;41.949;1;1
2040;2002;3.618;132.728;132.785;1;1
2040;2003;3.225;94.208;93.815;1;1
2040;2004;2.88;45.076;44.731;1;1
2040;2005;2.93;69.074;69.124;1;1
2040;2006;3.57;67.595;68.235;1;1
2040;2007;3.47;53.016;52.916;1;1
2040;2008;3.51;81.425;81.465;1;1
2040;2009;3.46;69.791;69.741;1;1
2040;2010;3.47;47.147;47.157;1;1
2040;2011;3.39;35.037;34.957;1;1
2040;2012;3.42;104.944;104.974;1;1
2040;2013;4.24;82.641;83.461;1;1
2040;2014;4.26;59.326;59.346;1;1
2040;2015;4.26;95.158;95.158;1;1
2040;2016;4.25;43.631;43.621;1;1
2040;2017;4.29;110.261;110.301;1;1
2040;2018;4.25;46.991;46.951;1;1
2040;2019;4.23;79.83;79.81;1;1
2040;2020;4.24;92.007;92.017;1;1
2041;1974;1716.6;987.388;518.388;2;1
2041;1975;1247.6;1222.612;778.412;2;1
2041;1976;803.4;974.445;1973.945;2;1
2041;1977;1802.9;2430.449;2338.949;2;1
2041;1978;1711.4;2961.766;2821.066;2;1
2041;1979;1570.7;1642.749;1216.249;2;1
2041;1980;1144.2;1049.302;624.802;2;1
2041;1981;719.7;826.278;943.778;2;1
2041;1982;837.2;1033.7;1322.5;2;1
2041;1983;1126;1224.33;1629.53;2;1
2041;1984;1531.2;1106.5;1719.5;2;1
2041;1985;2144.2;1249.5;659.4;2;1
2041;1986;1554.1;1627.1;908.2;2;1
2041;1987;835.2;995.318;1682.2;2;1
2041;1988;1034.127;853.047;364.596;1;1
2041;1989;1273.536;;;1;1
2041;1990;1014.559;1064.295;805.318;1;1
2041;1991;1530.041;386.632;902.114;1;1
2041;1992;1412.768;764.323;647.05;1;1
2041;1993;1499.002;1038.907;1125.141;1;1
2041;1994;1175.734;880.172;556.904;1;1
2041;1995;2030.663;1141.575;;1;1
2041;1996;1759.22;1153.89;882.447;1;1
2041;1997;1867.43;1701.699;1809.909;1;1
2041;1998;1202.8;1310.621;645.991;1;1
2041;1999;1711.874;769.7;1278.774;1;1
2041;2000;2139.066;2103.51;2530.702;1;1
2041;2001;1078.111;2042.337;981.382;1;1
2041;2002;2273.674;1066.882;2262.445;1;1
2041;2003;1523.811;1778.583;1028.72;1;1
2041;2004;1255.756;1301.958;1033.903;1;1
2041;2005;1800.914;578.525;1123.683;1;1
2041;2006;2172.528;1670.627;2042.241;1;1
2041;2007;1583.178;1857.127;1267.777;1;1
2041;2008;1759.188;743.583;919.593;1;1
2041;2009;2241.514;1337.103;1819.429;1;1
2041;2010;2150.411;1312.235;1221.132;1;1
2041;2011;1212.186;2084.129;1145.904;1;1
2041;2012;2207.447;1253.17;2248.431;1;1
2041;2013;2289.277;1751.781;1833.611;1;1
2041;2014;1997.6;1325.792;1034.115;1;1
2041;2015;2108.13;1702.073;1812.603;1;1
2041;2016;1099.854;1798.789;790.513;1;1
2041;2017;1215.755;1249.48;1365.381;1;1
2041;2018;1072.857;755.872;612.974;1;1
2041;2019;1944.783;618.839;1490.765;1;1
2041;2020;1348.914;1841.157;1245.288;1;1
2042;1994;;;;1;1
2042;1995;6.193;;;1;1
2042;1996;9.55;92.833;96.19;1;1
2042;1997;7.693;209.208;207.351;1;1
2042;1998;12.565;22.385;27.257;1;1
2042;1999;27.803;35.296;50.534;1;1
2042;2000;17.945;210.153;200.295;1;1
2042;2001;10.297;60.604;52.956;1;1
2042;2002;45.815;140.934;176.452;1;1
2042;2003;30.21;150.746;135.141;1;1
2042;2004;14.828;38.181;22.799;1;1
2042;2005;9.115;64.347;58.634;1;1
2042;2006;5.986;76.577;73.448;1;1
2042;2007;28.117;41.018;63.149;1;1
2042;2008;25.393;64.69;61.966;1;1
2042;2009;27.49;53.046;55.143;1;1
2042;2010;28.458;71.503;72.471;1;1
2042;2011;8.843;48.165;28.55;1;1
2042;2012;27.83;84.557;103.544;1;1
2042;2013;22.951;67.281;62.402;1;1
2042;2014;19.59;70.018;66.657;1;1
2042;2015;23.32;51.232;54.962;1;1
2042;2016;15.335;54.498;46.513;1;1
2042;2017;31.239;88.218;104.122;1;1
2042;2018;8.911;37.854;15.526;1;1
2042;2019;33.62;52.804;77.513;1;1
2042;2020;32.131;106.421;104.932;1;1
2043;1994;5.192;;;1;1
2043;1995;5.775;162.114;162.697;1;1
2043;1996;5.78;113.74;113.745;1;1
2043;1997;4.709;232.402;231.331;1;1
2043;1998;4.962;69.138;69.391;1;1
2043;1999;4.073;69.55;68.661;1;1
2043;2000;4.532;121.318;121.777;1;1
2043;2001;3.901;43.432;42.801;1;1
2043;2002;4.099;117.236;117.434;1;1
2043;2003;4.527;112.256;112.684;1;1
2043;2004;3.543;46.291;45.307;1;1
2043;2005;2.992;67.675;67.124;1;1
2043;2006;4.995;84.836;86.839;1;1
2043;2007;5.379;48.332;48.716;1;1
2043;2008;2.204;86.333;83.158;1;1
2043;2009;4.55;56.193;58.539;1;1
2043;2010;3.962;77.44;76.852;1;1
2043;2011;3.495;46.49;46.023;1;1
2043;2012;4.532;114.783;115.82;1;1
2043;2013;3.978;105.259;104.705;1;1
2043;2014;3.45;69.984;69.456;1;1
2043;2015;4.04;92.448;93.038;1;1
2043;2016;4.5;43.578;44.038;1;1
2043;2017;5.65;124.737;125.887;1;1
2043;2018;4.955;59.909;59.214;1;1
2043;2019;5.29;101.494;101.829;1;1
2043;2020;5.422;107.919;108.051;1;1
2047;2014;34.97;127.749;;1;1
2047;2015;52.5;295.638;313.168;1;1
2047;2016;40.295;190.037;177.832;1;1
2047;2017;39.618;145.833;145.156;1;1
2047;2018;34.412;66.017;60.811;1;1
2047;2019;40.365;203.865;209.818;1;1
2047;2020;37.237;216.559;213.431;1;1
2125;2009;26.521;19.57;31.096;1;1
2125;2010;12.459;40.98;26.918;1;1
2125;2011;6.185;26.838;20.564;1;1
2125;2012;20.433;12.691;26.939;1;1
2125;2013;17.552;30.7;27.819;1;1
2125;2014;15.31;33.312;31.07;1;1
2125;2015;17.52;33.731;35.941;1;1
2125;2016;9.099;25.792;17.371;1;1
2125;2017;23.245;20.028;34.174;1;1
2125;2018;19.046;24.346;20.147;1;1
2125;2019;17.952;33.548;32.454;1;1
2125;2020;15.01;28.02;25.078;1;1
