indroea;totanos;totanosc;totanosinc;anoini;anofin;totmeses;medano;minano;maxano;cv;cs;minmes;maxmes;moct;mnov;mdic;mene;mfeb;mmar;mabr;mmay;mjun;mjul;mago;msep;q5;q25;q50;q75;q95
2000;58;55;3;1961;2020;687;2.358;0.79;5.06;0.42;0.5;0;14.97;0.861;2.153;3.201;3.661;3.775;3.863;4.031;3.221;1.636;0.622;0.348;0.31;7.04;3.51;1.48;0.5;0.11
2001;30;29;1;1991;2020;354;5.627;3.19;14.22;0.38;2.16;0.38;47.07;2.19;1.646;2.137;4.77;7.482;4.648;4.154;5.462;7.642;9.782;10.118;7.398;12.64;8.35;4.75;1.92;0.77
2002;105;91;14;1913;2020;1159;10.264;2.89;28.23;0.48;1.41;0.37;117.19;4.36;6.254;8.924;13.048;15.255;14.653;12.79;10.802;9.5;8.742;9.29;7.606;27.74;12.11;8.17;4.15;1.79
2003;61;55;6;1929;1994;703;0.625;0;1.53;0.62;0.79;0;7.93;0.152;0.522;0.98;1.353;1.557;1.185;0.688;0.432;0.246;0.106;0.068;0.078;2.75;0.67;0.2;0.08;0.04
2004;92;88;4;1929;2020;1085;19.821;4.88;86.26;0.62;2.38;2.58;194.23;10.445;12.819;17.968;26.12;31.204;30.296;26.036;22.246;17.855;14.354;14.477;13.626;53.28;22.78;14.34;8.87;4.87
2005;72;71;1;1949;2020;859;4.698;0.69;16.22;0.62;1.14;0.02;46.35;1.714;3.45;5.745;8.578;10.441;8.005;6.748;5;3.575;1.545;0.918;0.982;17.04;5.89;2.35;1.13;0.4
2006;106;80;26;1912;2020;1076;1.702;0.25;5.05;0.51;1.11;0.04;29.07;1.108;2.181;2.365;2.096;1.997;2.655;3.085;2.806;1.016;0.468;0.257;0.395;5.6;2.24;1.04;0.35;0.12
2007;71;60;11;1920;1990;769;23.609;8.49;62.65;0.5;1.27;2.85;150.77;11.494;16.134;23.839;33.276;40.704;38.091;31.908;26.088;19.003;12.715;12.686;12.034;70.12;24.86;15.84;10.44;5.93
2008;22;22;0;1965;1986;264;0.449;0.2;0.8;0.3;0.41;0.01;2.41;0.152;0.437;0.575;0.771;0.97;0.672;0.555;0.584;0.335;0.164;0.11;0.084;1.28;0.69;0.3;0.13;0.04
2009;107;90;17;1914;2020;1184;0.582;0.09;1.44;0.49;1.05;0;4.52;0.139;0.387;0.705;0.956;1.036;1.036;0.975;0.835;0.529;0.211;0.094;0.085;1.83;0.87;0.36;0.13;0.03
2010;93;89;4;1928;2020;1089;2.579;0.77;8.45;0.6;1.58;0;39.79;0.873;0.955;1.639;2.988;3.979;3.387;2.944;3.064;2.813;3.4;3.187;2.219;7.82;3.41;1.55;0.59;0.21
2011;80;79;1;1941;2020;957;9.745;4.11;29.13;0.37;2.29;0.79;61.93;5.846;7.046;6.961;7.117;7.62;10.214;10.916;10.012;11.135;14.965;14.496;10.09;25.48;14.42;6.67;3.16;1.82
2012;77;52;25;1913;2020;791;2.228;0.7;4.45;0.38;0.99;0.09;12.93;1.206;1.792;2.419;3.03;3.313;3.472;3.663;3.257;2.095;1.207;1.02;1.011;5.73;2.85;1.57;1.06;0.56
2013;49;47;2;1972;2020;576;17.714;5.96;48.85;0.51;1.19;2.8;189.66;8.883;10.921;16.77;27.82;36.343;29.506;26.653;17.664;14.312;8.905;8.619;8.697;55;20.28;11.24;7.69;5.35
2014;54;44;10;1920;1975;568;40.437;14.95;102.95;0.49;1.19;2.53;211.29;23.217;31.842;44.238;60.398;66.169;65.697;53.657;43.043;31.651;18.848;17.004;20.189;116.62;46.37;26.73;18.39;9.07
2015;110;91;19;1911;2020;1232;34.247;10.08;122.83;0.61;1.75;1.1;279.76;18.235;26.372;37.198;54.452;62.924;58.465;48.181;36.663;26.546;14.15;11.712;14.595;103.07;38.63;21.37;13.58;6.83
2016;107;90;17;1912;2020;1202;3.24;0.66;9.31;0.51;0.74;0;25.71;0.848;2.4;3.918;5.139;5.37;5.301;5.421;5.174;2.804;1.034;0.507;0.658;10.28;4.56;1.95;0.55;0.05
2017;32;29;3;1989;2020;367;17.775;7.05;35.13;0.39;0.43;3.34;121.42;7.277;10.391;16.924;27.384;29.667;27.697;24.543;19.629;15.969;12.659;11.295;10.279;49.32;20.28;12.36;9.02;5.82
2018;21;20;1;2000;2020;248;2.059;0.26;7.8;0.84;1.94;0;24.59;0.376;1.355;3.622;4.277;4.877;4.263;2.856;2.171;1.327;0.381;0.169;0.156;8.53;2.79;0.91;0.25;0.06
2019;60;60;0;1961;2020;720;10.049;3.37;18.98;0.32;0.4;1.17;49.24;6.036;7.364;10.572;13.139;15.138;14.321;14.181;11.024;8.339;7.449;7.086;6.2;27.17;11.89;7.62;5.33;3.1
2020;67;67;0;1954;2020;804;9.73;5.46;20.54;0.29;1.09;1.42;50.39;5.58;5.514;6.106;7.619;9.38;8.928;8.053;9.399;11.329;15.336;16.817;12.564;22.9;14.22;7.08;3.81;2.68
2021;100;80;20;1912;2012;1090;5.686;2.05;10.56;0.33;0.21;0.15;33.15;3.042;3.671;4.618;6.472;7.374;8.469;8.175;6.686;4.955;4.643;4.821;3.952;13.84;7.41;4.71;2.44;0.68
2022;106;99;7;1912;2020;1236;2.999;0.89;8.33;0.4;1.33;0.22;18.76;2.549;3.62;4.167;4.516;4.519;4.346;3.682;2.758;2.108;1.341;1.196;1.572;8.39;4.11;2.01;1.26;0.63
2023;23;23;0;1998;2020;276;11.834;5.88;26.34;0.38;1.4;1.74;57.39;5.361;5.721;10.139;11.365;11.545;12.103;15.161;15.335;14.186;16.523;15.179;9.224;26.94;15.67;10.55;5.43;2.99
2024;110;91;19;1911;2020;1193;13.063;2.36;28.5;0.4;0.65;0.17;98.67;5.645;8.587;11.881;16.372;19.42;18.518;15.469;12.904;11.187;11.792;11.768;8.865;35.79;16.54;9.37;4.82;1.35
2025;24;23;1;1997;2020;284;1.105;0.34;3.49;0.63;1.74;0;12.35;0.515;0.695;1.032;1.958;2.08;2.275;1.966;1.42;0.895;0.424;0.273;0.375;4.09;1.2;0.71;0.42;0.08
2026;21;21;0;2000;2020;252;3.688;0.78;11.37;0.69;1.24;0;38.6;0.953;3.395;7.444;8.354;8.057;6.406;4.914;2.731;1.382;0.431;0.202;0.227;15.42;4.53;1.54;0.4;0.02
2027;14;14;0;1972;1985;168;64.584;25.29;130.16;0.42;0.79;4.12;598.17;36.71;47.012;65.97;87.884;147.434;89.533;81.624;71.736;45.689;36.037;36.928;34.384;216.47;72.85;44.15;33.9;21.17
2028;61;61;0;1960;2020;732;4.286;0.94;11.88;0.52;0.91;0;37.27;1.314;4.364;6.289;8.627;9.327;7.606;6.372;4.14;2.279;0.647;0.319;0.451;17.26;5.69;2.07;0.62;0.15
2029;109;78;31;1911;2020;1119;18.825;3.96;59.87;0.61;1.11;0;186.05;5.972;14.086;23.159;34.371;38.649;35.379;25.84;15.426;9.442;5.73;4.984;4.197;66.23;21.61;8.67;4.39;1
2030;108;87;21;1912;2020;1182;12.799;3.43;30.03;0.47;0.56;0.04;109.68;3.707;10.44;18.333;24.446;25.897;23.857;20.493;14.433;7.812;2.846;1.578;1.689;46.25;18.22;7.08;2.36;0.65
2031;110;88;22;1911;2020;1223;15.244;2.02;41.7;0.52;0.82;0;154.5;4.464;11.762;20.413;28.204;31.046;27.693;23.454;17.294;10.337;3.79;1.986;2.157;53.47;20.01;7.93;3.19;1.01
2032;49;46;3;1972;2020;576;2.097;0.21;4.74;0.43;0.6;0.02;17.25;1.287;1.208;1.694;2.704;3.051;2.336;2.744;2.197;2.043;2.253;2.452;1.935;6.35;2.52;1.55;1.05;0.49
2033;20;19;1;1977;1996;234;1.218;0.03;7.68;1.52;2.51;0;15.48;0.751;0.945;1.343;1.746;2.107;1.646;1.805;1.774;1.215;0.817;0.546;0.549;5.75;1.12;0.43;0.1;0
2034;60;59;1;1961;2020;717;1.235;0.4;2.82;0.41;1.08;0.03;7.71;0.816;1.405;1.76;1.754;1.76;2.043;1.898;1.454;0.922;0.432;0.303;0.322;3.36;1.73;0.94;0.43;0.11
2035;60;58;2;1961;2020;715;1.318;0.12;3.95;0.6;0.74;0;13.86;0.644;1.47;2.278;2.405;2.245;2.453;2.426;1.61;0.628;0.182;0.087;0.093;5.59;1.76;0.57;0.11;0
2036;109;87;22;1912;2020;1175;27.484;7.79;68.93;0.48;0.97;0.11;219.91;9.236;20.446;35.508;48.898;54.139;50.25;41.313;31.666;19.833;8.228;4.69;5.05;89.17;35.37;15.4;6.96;2.57
2037;40;40;0;1963;2020;480;7.498;0.97;14.52;0.46;-0.27;0.3;46.02;5.14;2.951;2.181;3.753;6.435;4.058;6.081;10.959;11.488;13.771;13.814;9.193;20.11;13.48;4.33;1.12;0.5
2038;85;65;20;1912;1999;922;10.975;2.54;19.99;0.4;-0.14;1.37;58.92;7.575;9.784;9.778;11.549;12.299;12.807;12.553;14.423;12.435;10.734;10.31;8.987;26.74;14.97;8.7;5.21;2.85
2039;3;3;0;1964;1966;36;2.117;0.1;5.46;1.12;0.66;0;34.93;0.077;0.54;1.953;6.413;12.53;2.027;2.04;0.633;0.003;0;0;0;34.93;1.19;0.06;0;0
2040;91;84;7;1930;2020;1057;11.895;1.02;32.2;0.5;0.52;0.02;88.58;7.949;10.183;12.347;15.529;16.24;14.887;14.52;13.868;11.136;9.139;9.143;8.015;30.13;14.54;9.6;5.88;1.81
2041;74;72;2;1940;2020;882;0.969;0.1;3.46;0.87;1.29;0;15.08;0.446;0.887;1.485;2.073;1.967;1.546;1.273;0.828;0.54;0.253;0.15;0.214;4.15;0.96;0.43;0.18;0.01
2042;109;82;27;1912;2020;1164;12.055;1.87;37.96;0.65;1.3;0.01;139.06;6.134;10.609;15.144;20.239;20.75;18.657;16.355;12.975;7.521;3.858;3.499;4.058;41.1;13.44;6.1;3.3;0.81
2043;91;84;7;1930;2020;1077;63.178;16.67;160.93;0.52;1.05;1.29;576.81;25.375;49.431;78.029;110.594;121.164;113.333;89.768;70.261;45.999;25.577;19.536;20.715;214.84;78.08;36.94;22.39;10.91
2044;92;84;8;1927;2020;1068;1.907;0.5;5.16;0.61;1.23;0;16.66;1.147;1.667;2.154;2.905;3.586;3.474;2.804;2.218;1.574;0.789;0.573;0.724;6.24;2.31;1.32;0.71;0.24
2045;3;0;3;1917;1919;8;;;;;;;;61.94;;52.17;;;;;95.7;59;31.63;17.81;30.36;;;;;
2046;106;87;19;1914;2020;1185;4.124;0.31;28.94;0.93;3.45;0;66.17;0.636;3.285;6.399;7.847;8.401;8.496;7.098;6.213;2.772;0.824;0.31;0.251;18.42;5.56;1.44;0.28;0
2047;61;61;0;1960;2020;732;0.72;0.01;2.55;0.84;0.8;0;10.81;0.111;0.448;0.944;1.494;1.708;1.618;1.016;0.847;0.345;0.071;0.039;0.053;3.72;0.82;0.1;0.02;0
2048;34;31;3;1978;2012;398;7.255;2.3;15.57;0.5;0.43;0.04;54.35;1.551;5.446;10.85;12.865;13.198;12.311;12.472;10.614;4.904;1.576;0.883;0.955;27.62;10.04;3.24;1.36;0.54
2049;75;73;2;1945;2020;893;0.952;0.12;3.86;0.82;1.54;0.03;11.55;0.41;0.629;1.049;1.578;1.87;1.607;1.327;1.089;0.7;0.404;0.312;0.356;3.09;1.13;0.47;0.24;0.1
2050;98;72;26;1912;2020;1051;3.342;0.83;6.17;0.36;-0.01;0;28.38;1.069;2.942;4.575;5.549;5.637;5.686;5.91;4.975;2.537;0.872;0.437;0.482;10.37;5.07;2.12;0.57;0.2
2051;69;65;4;1952;2020;806;0.664;0.17;1.23;0.43;-0.06;0;4.96;0.165;0.563;0.884;1;1.193;1.307;1.283;0.907;0.409;0.109;0.051;0.058;2.52;0.98;0.29;0.07;0.02
2052;61;61;0;1960;2020;732;2.037;0.36;5.06;0.5;0.7;0;33.11;0.474;1.626;2.96;3.723;3.945;4.058;3.709;2.531;1.154;0.236;0.045;0.075;7.88;2.78;0.95;0.13;0.02
2053;56;56;0;1964;2020;672;6.486;1.88;15.98;0.43;0.82;0;46.71;2.076;5.505;8.144;10.354;12.355;11.35;11.18;9.291;4.831;1.449;0.762;0.917;22.11;9.23;3.97;1.28;0.38
2054;99;84;15;1921;2020;1098;114.946;27.84;281.24;0.51;0.83;1.95;1007.69;53.278;91.044;140.066;192.01;221.413;212.081;170.798;124.484;79.738;42.925;36.59;42.069;394.46;137.83;69.16;41.44;23.15
2055;19;19;0;2002;2020;228;1.417;0.47;2.67;0.42;0.15;0;8.84;0.197;0.98;1.969;1.882;2.863;3.261;2.892;2.007;0.859;0.105;0.035;0.048;6;2.27;0.65;0.09;0.02
2056;101;83;18;1917;2020;1081;10.557;2.19;34.04;0.62;1.1;0.01;242.83;2.592;7.524;15.536;17.265;20.557;19.186;16.625;13.798;6.556;2.397;1.461;1.564;38.63;12.06;4.84;2;0.5
2057;49;49;0;1972;2020;588;1.192;0.27;2.86;0.55;0.71;0.01;11.13;0.257;0.698;1.306;2.08;2.556;2.058;2.195;1.815;0.879;0.237;0.153;0.16;4.72;1.63;0.49;0.18;0.07
2060;49;45;4;1972;2020;578;24.811;7.44;72.78;0.53;1.2;2.35;248.62;12.126;18.239;35.526;44.589;48.566;43.115;37.369;26.157;16.245;9.504;8.155;7.816;82.78;31.72;15.06;8.22;4.58
2061;27;26;1;1994;2020;323;16.071;4.34;37.85;0.51;0.74;1.29;118.1;6.576;11.546;20.822;26.937;29.242;28.474;27.024;14.904;8.558;6.937;5.92;4.809;53.94;19.74;8.15;5.77;3.54
2062;110;82;28;1911;2020;1167;110.31;34.9;281.21;0.5;0.93;0.85;879.77;52.692;94.924;135.961;190.646;210.984;195.74;165.646;125.411;77.648;35.093;23.509;31.655;353.62;137.8;65.94;37.16;15.21
2063;21;21;0;2000;2020;252;2.285;0.97;5.44;0.48;1.17;0.09;13.64;1.79;3.405;3.24;2.83;2.665;3.773;3.652;2.864;1.853;0.628;0.364;0.393;7.27;2.86;1.54;0.73;0.28
2064;32;31;1;1968;1999;381;4.986;2.39;9.73;0.43;0.64;1.04;40.38;3.19;3.824;6.241;7.83;8.554;5.969;5.692;5.289;4.345;2.958;2.925;3.518;13.37;5.03;3.55;2.73;1.89
2065;24;22;2;1959;1982;274;2.028;1.42;3.21;0.21;1.26;0.01;10.39;1.256;2.279;2.477;2.173;2.682;3.004;3.892;3.634;1.737;0.556;0.254;0.369;5.37;3.17;1.6;0.55;0.14
2066;48;46;2;1918;2010;558;114.491;32.73;304.02;0.55;1.05;0;1089.8;55.26;94.674;144.414;202.512;217.668;196.934;156.385;125.991;84.397;35.983;27.743;38.704;360.39;139.9;71.8;40.29;15.41
2067;60;39;21;1912;1973;607;21.68;8.59;36.29;0.27;0.35;0.4;90.8;10.534;25.904;28.496;30.408;29.596;41.942;40.826;32.292;16.015;6.869;2.535;4.303;66.34;33.8;15.34;4.73;1.12
2068;61;59;2;1959;2020;726;5.008;1.62;9.51;0.42;0.34;0;37.23;4.018;7.352;7.379;6.756;6.76;7.407;8.069;6.359;3.19;1.244;0.766;1.051;14.48;7.2;3.62;1.31;0.51
2069;48;38;10;1918;1968;495;69.585;26.24;128.49;0.34;0.63;0.02;318.28;28.749;75.356;98.382;105.764;115.175;137.626;119.517;78.906;38.366;11.035;3.199;10.111;191.45;102.67;52.31;11.94;0.67
2070;97;76;21;1912;2012;1032;10.755;2.31;22.08;0.39;0.46;0;53.86;5.622;12.103;15.683;15.853;16.41;19.639;17.188;13.116;6.423;2.583;1.668;2.441;32.05;15.51;7.12;2.53;0.77
2071;50;47;3;1942;1997;583;61.4;26.11;107.8;0.31;0.39;0.18;315.13;32.436;69.702;89.897;95.706;103.857;107.298;99.998;72.585;36.473;11.736;9.153;12.893;182.12;90.22;46.54;16.9;1.43
2072;30;19;11;1921;1950;283;50.798;29.75;82.71;0.3;0.9;0.03;221.11;25.8;51.637;73.641;80.466;79.643;100.071;83.888;64.456;29.835;9.093;4.161;9.658;132.98;70.21;38.21;9.75;1
2073;91;84;7;1930;2020;1054;6.699;1.4;22.71;0.52;1.44;0;126.46;2.945;5.61;9.676;11.027;11.771;10.408;8.189;6.706;4.87;3.292;2.628;2.189;20.21;7.79;4.51;1.89;0.35
2074;103;83;20;1917;2020;1087;75.831;27.06;153.95;0.39;0.49;0.07;514.71;38.708;78.235;107.003;115.905;119.79;132.025;119.886;87.656;46.387;18.244;13.838;19.076;225.05;109.07;46.12;23.65;3.12
2075;76;54;22;1912;2020;807;14.419;8.67;24.99;0.26;0.62;1.41;64.27;6.561;6.611;6.631;9.289;10.763;11.473;15.005;15.254;17.282;27.971;26.99;14.134;35.73;21.84;9.77;4.6;2.66
2076;51;48;3;1961;2020;594;10.389;3.96;21.06;0.38;0.74;0;65.81;4.802;9.25;14.346;17.339;18.614;17.332;15.803;11.623;7.15;3.508;2.154;2.311;30.76;14.09;7.5;3.15;0.76
2077;86;82;4;1929;2020;1014;0.925;0.16;2.05;0.45;0.51;0;7.67;0.191;0.168;0.493;0.963;1.22;1.128;0.849;0.529;0.628;2.113;1.83;0.843;3.15;1.45;0.43;0.11;0.04
2078;57;55;2;1961;2020;674;5.689;2.41;14.25;0.4;1.05;0.46;34.66;4.006;5.908;7.284;7.068;7.029;8.899;9.547;7.513;4.463;2.611;2.115;2.361;15.36;7.66;3.92;2.53;1.44
2079;61;42;19;1914;2020;592;24.146;3.43;81.26;0.64;1.41;0;404.13;9.666;18.954;28.191;39.621;53.527;45.81;36.947;25.354;13.207;6.263;3.819;5.102;81.75;30.2;12.32;3.69;0.07
2080;82;60;22;1914;2020;862;10.803;2.7;22.11;0.41;0.62;0.05;108.03;5.266;11.201;15.615;14.618;17;15.309;15.267;13.358;7.845;3.454;1.668;1.786;29.5;14.27;7.49;2.7;0.49
2081;24;23;1;1997;2020;286;22.913;8.72;50.26;0.5;1.05;0;172.92;24.688;31.909;37.778;30.903;27.838;37.127;39.141;28.825;12.61;2.617;0.272;2.39;79.16;32.2;15.88;3.97;0.14
2082;87;78;9;1934;2020;998;5.961;1.31;15.66;0.56;0.76;0;52.62;2.252;5.439;9.009;10.392;11.058;9.942;8.514;7.406;4.181;0.98;0.15;0.377;21.67;7.45;3.32;0.66;0
2083;25;23;2;1969;1993;284;8.303;3.21;17.92;0.43;0.79;0;50.97;3.474;5.978;12.449;12.717;16.65;12.403;12.736;10.349;6.261;3.18;1.658;1.598;24.92;11.35;5.43;2.47;0.89
2084;38;38;0;1969;2006;456;28.143;11.48;53.34;0.41;0.24;6.47;245.62;19.765;22.288;35.719;32.331;29.54;24.598;24.087;28.41;26.593;30.567;33.992;29.452;70.22;36;20.86;13.6;8.08
2085;84;62;22;1916;2020;900;20.005;5.17;41.85;0.38;0.74;0.08;128.28;12.565;28.125;27.188;25.517;28.065;30.318;33.389;34.08;17.553;5.081;0.787;2.878;66.45;29.15;12.82;3.71;0.37
2086;57;40;17;1917;1973;549;36.323;13.44;85.85;0.44;0.93;0.17;226.74;20.004;33.4;41.209;45.33;46.199;49.191;52.348;46.57;31.052;18.224;16.613;17.953;106.94;47.61;24.81;10.88;1.32
2087;69;50;19;1915;2020;698;24.937;7.8;77.95;0.63;1.32;0;249.92;15.026;26.088;39.843;42.933;37.444;35.725;32.387;30.801;22.101;14.899;12.026;13.092;84.24;29.42;14.56;10.1;6.97
2088;49;46;3;1958;2007;569;26.61;5.83;63.2;0.58;0.7;2.41;265.98;18.617;27.917;36.109;39.447;37.866;35.546;26.489;25.217;21.168;15.852;17.147;17.593;83.02;31.11;15.66;9.55;5.67
2089;79;76;3;1942;2020;936;4.546;1.36;11.23;0.48;0.85;0.12;48.89;2.234;4.509;6.727;7.277;7.826;7.279;6.711;5.729;3.357;1.426;0.786;0.883;13.55;6.41;2.89;1.17;0.48
2090;24;23;1;1968;1991;284;7.31;1.02;22.56;0.6;1.54;0.06;164.77;2.239;7.476;18.085;16.62;13.818;9.11;7.024;8.22;4.454;1.35;0.515;0.517;30.41;9.45;2.62;0.72;0.21
2091;46;44;2;1961;2007;534;10.83;0.03;32.94;0.77;0.68;0;172.18;4.629;13.959;22.522;23.016;26.88;16.94;10.704;8.323;3.785;1.72;1.14;1.338;59.61;11.59;2.74;0.55;0.03
2092;85;60;25;1916;2020;895;13.228;1.69;34.92;0.62;0.72;0;190.57;5.623;12.555;19.589;21.552;26.257;21.924;17.02;12.643;6.311;2.927;2.15;2.045;51.79;13.28;5.33;2.1;0.85
2093;44;41;3;1943;1994;507;267.451;89.48;588.42;0.48;0.86;14.85;2312.99;151.694;254.97;317.363;407.528;532.412;441.226;342.531;279.508;183.741;115.52;75.488;117.352;857.96;312.7;182.86;118.4;55.15
2094;44;43;1;1961;2005;519;7.091;0.05;24.26;0.94;1.18;0;138.58;0.521;5.038;12.338;19.005;22.086;14.802;6.454;4.996;1.847;0.585;0.038;0.01;43.22;6.57;0.98;0.01;0
2095;69;65;4;1929;2010;803;131.502;43.69;356.49;0.49;1.14;0.21;1220.04;61.467;123.286;191.298;219.112;244.283;246.607;198.901;144.924;80.26;32.94;25.646;33.122;427.73;175.77;83.49;41.16;9.11
2096;25;22;3;1929;1967;277;138.496;44.04;280.34;0.48;0.52;5.03;835.71;59.167;131.24;179.387;239.604;264.738;282.043;215.077;123.256;83.167;36.954;24.82;36.005;480.94;179.66;81.65;43.9;18.32
2097;50;48;2;1969;2020;592;61.454;20.57;168.53;0.5;1.13;1.82;603.96;25.339;41.692;75.05;111.903;121.589;98.596;85.968;62.734;43.305;26.236;22.924;23.772;180.47;73.09;37.41;24.19;14.29
2098;24;24;0;1997;2020;288;4.658;2.86;7.6;0.24;0.59;0.22;22.61;2.164;5.458;7.14;6.411;7.158;9.268;8.614;5.504;2.355;0.851;0.531;0.57;12.59;7.19;3.71;1.02;0.41
2099;23;22;1;1998;2020;272;21.229;5.1;69.14;0.72;1.49;1.28;221.39;11.212;12.748;30.416;37.351;31.984;31.802;28.093;22.204;12.822;10.604;9.925;11.891;100.16;19.61;10.88;7.72;4.41
2100;33;26;7;1929;1962;368;10.179;3.37;17.88;0.35;0.07;0.57;67.24;4.624;9.835;10.94;14.276;15.398;20.155;14.126;9.564;5.785;4.738;5.475;5.221;32.09;11.86;6.41;3.93;2.25
2101;100;82;18;1911;2020;1121;3.438;0.27;10.23;0.6;1.41;0.06;26.03;1.292;3.31;4.806;5.704;6.352;6.112;5.926;4.882;2.649;0.917;0.454;0.467;12.29;4.77;1.86;0.61;0.22
2102;57;57;0;1964;2020;684;21.117;11.59;39.03;0.25;0.78;0.16;97.18;10.951;12.807;18.192;19.704;23.5;25.644;31.142;26.524;23.103;23.976;22.083;15.793;50.31;31.74;17.55;6.78;2.47
2103;56;54;2;1964;2020;664;25.445;12.1;52.16;0.3;1.34;0.16;151.39;12.846;17.062;23.919;27.998;31.779;32.232;37.433;31.445;25.056;25.544;23.101;16.834;60.59;35.79;21.16;9.64;2.56
2104;57;55;2;1964;2020;671;4.384;1.01;12.37;0.53;0.95;0;36.73;1.991;3.798;6.224;8.085;9.719;7.157;6.432;4.646;2.382;0.967;0.52;0.577;16;5.71;2.47;0.82;0.17
2105;22;21;1;1999;2020;260;0.831;0.11;1.98;0.6;0.62;0.02;5.53;0.504;0.729;1.214;1.516;1.458;1.049;1.067;0.638;0.52;0.543;0.474;0.444;2.86;0.99;0.53;0.3;0.1
2106;74;71;3;1929;2020;878;5.243;1.31;8.78;0.32;-0.2;0;36.49;2.581;3.129;4.226;5.597;6.902;8.446;8.506;5.9;4.426;4.804;5.496;4.448;14;7.5;4.4;1.95;0.56
2107;89;85;4;1932;2020;1056;2.567;0.64;6.75;0.43;1.12;0.01;17.79;2.355;3.226;3.653;4.01;4.252;3.661;3.002;2.278;1.64;1.003;0.972;1.447;7.69;3.45;1.76;0.97;0.35
2108;91;83;8;1929;2020;1050;7.42;3.2;13.75;0.32;0.73;0.29;43;4.2;5.222;6.697;7.878;7.988;7.593;8.79;11.231;9.232;7.878;7.282;5.566;17.42;9.71;6.59;3.88;1.32
2109;106;85;21;1912;2020;1156;2.169;0.67;4.3;0.4;0.31;0;25.09;1.099;1.746;2.642;3.199;3.385;3.388;3.367;2.733;1.892;1.403;1.327;1.142;6.51;2.81;1.54;0.9;0.31
2110;84;61;23;1911;1994;878;3.547;0.99;10.19;0.49;1.26;0;33.44;2.538;3.597;4.235;5.007;5.425;5.589;4.402;3.633;2.55;1.835;1.904;2.021;10.56;3.88;2.44;1.65;0.96
2111;33;33;0;1988;2020;396;17.698;8.98;47.88;0.4;2.2;2.89;117.07;12.874;13.17;18.075;21.342;21.418;26.711;24.747;14.631;14.85;15.608;15.128;13.933;42.95;20.22;13.15;10.25;6.4
2112;33;32;1;1988;2020;394;14.257;5.32;40.56;0.44;2.11;1.75;110.7;10.078;12.975;17.415;18.187;17.681;20.74;18.458;11.932;10.237;13.444;12.141;7.411;32.42;17.7;11.49;7.5;4.35
2113;21;20;1;2000;2020;242;4.69;1.1;12.2;0.69;0.91;0.06;35.94;2.506;4.114;8.474;8.434;8.816;8.04;8.059;4.691;2.041;0.664;0.307;0.346;22.09;5.16;1.92;0.57;0.21
2114;19;19;0;2002;2020;228;0.684;0.03;1.88;0.75;0.92;0;9.23;0.037;0.149;0.484;0.771;1.396;1.907;1.632;1.297;0.546;0.043;0;0;3.57;0.66;0.14;0;0
2115;19;18;1;2002;2020;222;8.987;4.62;13.42;0.27;-0.19;0.13;45.46;5.314;10.199;12.599;12.304;14.989;18.043;16.539;8.762;4.031;1.755;1.511;1.826;24.97;13.97;6.51;2.29;0.73
2116;44;43;1;1976;2020;520;9.54;3.12;17.05;0.42;0.19;0.56;66.65;4.498;6.13;10.054;14.364;16.83;13.574;14.656;10.791;9.022;5.94;4.98;4.493;29.99;11.78;6.51;3.84;2.21
2117;28;27;1;1975;2008;329;42.347;9.27;104.34;0.64;1;1.95;303.44;23.85;39.149;69.052;64.471;77.258;70.854;66.094;43.393;22.802;10.021;7.55;9.299;158.61;57.35;21.36;8.51;3.88
2119;6;6;0;2015;2020;72;17.655;9.56;30.91;0.4;0.75;2.22;88.3;8.727;18.848;29.003;22.525;32.497;29.082;32.428;19.982;8.917;4.318;2.918;3.533;62.11;21.41;12.65;4.42;2.51
2120;31;27;4;1964;1994;352;1.096;0.02;3.12;0.73;0.5;0;19.15;0.167;0.519;1.302;3.133;3.062;1.454;1.131;1.318;0.432;0.086;0.074;0.076;5.67;1.08;0.09;0.03;0
2121;19;18;1;2002;2020;222;97.783;37.17;171.54;0.4;0.02;8.09;575.83;40.098;61.281;110.74;148.524;199.292;181.468;178.303;110.895;65.219;29.715;26.136;34.03;327.28;139.24;56.89;35.47;20.02
2122;63;62;1;1940;2020;753;12.845;1.28;27.97;0.42;-0.2;0.68;56.86;9.074;7.418;8.072;9.502;10.201;11.768;12.906;14.558;15.101;20.767;21.277;14.804;35.34;22.35;8.53;2.47;1.5
2123;16;16;0;2005;2020;192;4.049;1.39;5.97;0.3;-0.46;0.18;17.95;0.8;2.816;5.416;6.765;8.417;8.313;7.653;4.536;2.658;0.813;0.381;0.329;14.21;6.81;2.23;0.57;0.28
2124;49;49;0;1972;2020;588;1.043;0.31;3.07;0.65;1.29;0.03;17.36;0.678;0.917;1.382;1.781;1.418;1.097;1.146;0.97;0.892;0.696;0.726;0.834;2.99;1.16;0.72;0.43;0.2
2125;38;35;3;1974;2012;447;1.864;0.26;7.24;0.7;1.86;0.01;27.89;0.438;1.214;2.669;3.849;3.356;2.965;2.473;2.013;1.649;0.597;0.436;0.356;6.39;2.37;0.97;0.22;0.02
2126;45;41;4;1976;2020;524;1.343;0.29;4.77;0.85;1.44;0;28.95;0.762;1.118;2.635;2.74;2.373;1.908;1.527;1.063;0.733;0.462;0.289;0.359;5.05;1.4;0.64;0.31;0.05
2127;16;16;0;1976;1991;192;0.125;0.02;0.4;0.83;1.2;0;2.76;0.077;0.102;0.153;0.174;0.387;0.191;0.116;0.114;0.092;0.054;0.026;0.039;0.45;0.16;0.06;0.02;0.01
2128;17;15;2;1975;1991;195;0.427;0.04;0.77;0.54;-0.07;0;2.91;0.228;0.412;0.553;0.631;0.843;0.588;0.586;0.485;0.349;0.154;0.029;0.05;1.2;0.61;0.28;0.09;0
2129;46;42;4;1975;2020;536;0.644;0.14;2.13;0.54;1.83;0;13.02;0.323;0.519;0.715;1.077;1.283;0.893;1.052;0.883;0.578;0.228;0.151;0.312;1.8;0.87;0.48;0.2;0.05
2130;20;19;1;1975;1994;234;4.55;2.08;9.36;0.51;0.93;1.19;18.94;3.708;4.353;4.593;5.225;6.296;5.526;5.557;5.151;3.989;3.318;3.133;3.569;10.53;5.88;3.52;2.48;1.83
2131;14;13;1;2007;2020;159;3.622;0.85;6.34;0.42;-0.1;0.04;20.23;0.799;2.403;5.502;6.359;9.008;7.626;6.22;3.184;1.673;0.574;0.237;0.244;15.03;5.43;1.8;0.51;0.1
2132;46;44;2;1975;2020;542;27.111;10.58;64.95;0.46;1;2.72;222.23;14.997;18.634;27.79;42.083;50.375;43.666;39.581;28.898;22.27;13.802;12.352;14.405;79.62;31.09;18.05;13.28;9.01
2133;34;32;2;1987;2020;399;9.429;3.11;29.19;0.56;1.7;1.18;99.11;3.333;5.537;11.766;15.616;16.163;15.113;10.733;6.943;6.792;8.283;8.166;5.341;31.4;10.63;6.08;3.85;2.23
2134;80;71;9;1928;2020;931;9.322;1.9;20.48;0.52;0.51;1.33;55.59;6.734;8.578;9.133;10.499;11.418;11.798;10.694;11.441;9.376;8.821;8.422;7.022;24.94;12.2;6.84;3.92;2.65
2135;14;13;1;2007;2020;160;1.685;0.99;2.6;0.28;0.35;0.21;4.55;0.635;0.769;1.268;1.669;1.486;1.173;2.201;2.281;2.506;2.326;2.191;1.572;3.49;2.45;1.59;0.76;0.45
2136;14;13;1;2007;2020;159;0.901;0.19;1.55;0.51;0.02;0.01;6.03;0.344;0.712;1.543;1.688;2.238;1.533;1.374;0.691;0.482;0.184;0.06;0.059;3.93;1.29;0.36;0.13;0.02
2137;14;14;0;2007;2020;168;10.158;2.24;17.78;0.5;0.13;0.69;63.91;5.758;7.774;13.539;17.026;18.381;17.034;16.741;11.804;5.052;2.772;2.454;4.056;41.6;13.18;5.29;1.75;1
2138;14;12;2;2007;2020;150;5.623;2.42;8.33;0.32;0;0.18;36.21;1.786;4.865;8.979;8.69;11.496;10.591;9.698;6.12;3.233;1.48;0.687;0.809;16.72;8.01;3.49;1.11;0.61
2139;11;11;0;2010;2020;132;3.876;1.06;6.17;0.38;-0.24;0.48;21.08;1.539;1.885;3.308;5.215;8.061;6.908;7.74;4.142;2.53;2.065;1.737;1.684;14.72;4.62;2.3;1.59;0.91
2140;11;11;0;2010;2020;132;20.505;13.13;27.07;0.2;-0.02;5.96;65.37;13.355;19.72;20.725;20.118;23.986;21;29.861;21.062;17.48;20.758;21.507;16.735;56.76;23.86;17.43;11.08;7.13
2141;11;11;0;2010;2020;132;4.565;1.71;6.49;0.36;-0.42;0.27;21.89;0.836;3.056;6.016;8.452;10.763;9.578;8.335;4.34;2.128;0.765;0.43;0.476;18.54;7.43;2.11;0.79;0.35
2142;3;3;0;1989;1991;36;0.04;0;0.08;0.82;0;0;0.25;0;0;0.007;0.077;0.093;0.133;0.14;0.033;0.003;0;0;0;0.25;0.04;0;0;0
2143;37;36;1;1976;2012;440;7.824;1.59;28.89;0.77;1.67;0;99.75;2.715;5.878;14.667;17.299;15.773;11.314;9.086;6.763;4.897;2.463;1.599;1.558;26.68;8.42;3.81;1.94;0.09
2144;31;31;0;1976;2008;372;13.255;5.81;35.97;0.52;1.27;0.01;118.75;10.118;15.479;24.437;22.067;22.986;20.28;17.4;13.57;7.461;2.784;1.261;1.703;40.91;17.2;8.64;2.61;0.75
2145;25;24;1;1975;2020;295;32.445;10;73.01;0.55;0.67;0.85;255.52;12.074;21.168;40.896;47.382;72.135;50.742;55.158;39.004;22.726;10.65;6.644;6.884;130.43;39.82;17.25;9.2;3.22
2146;3;3;0;2010;2012;36;6.983;3.02;9.96;0.42;-0.47;0.12;26.91;1.15;5.09;9.49;13.227;12.283;14.697;14.58;9.113;2.633;0.973;0.413;0.453;26.91;10.8;3.02;1.17;0.5
2147;11;11;0;2010;2020;132;3.881;2.27;6.25;0.3;0.43;0.04;19.18;2.673;5.303;5.539;5.547;6.372;6.294;7.114;4.407;1.896;0.763;0.366;0.472;11.6;5.4;3.03;1.14;0.08
2148;21;21;0;1988;2011;252;5.574;2.19;11.8;0.43;0.66;0.56;48.71;3.6;4.221;8.044;10.373;6.675;6.93;5.942;5.619;4.83;3.09;3.264;4.272;13.89;6.23;4.32;3.02;1.8
2149;25;25;0;1988;2012;300;1.074;0.12;4.55;0.96;1.78;0;42.72;0.45;0.781;3.259;2.182;1.418;1.743;0.598;0.467;0.364;0.426;0.544;0.616;4.17;0.88;0.44;0.19;0.08
2150;21;21;0;2000;2020;252;6.764;3.37;12.41;0.32;0.61;0.15;34.85;3.794;8.09;11.1;9.895;11.243;14.335;11.7;6.828;2.855;0.735;0.354;0.499;22.29;10.67;4.6;1.02;0.29
2151;10;10;0;2011;2020;120;1.31;0.67;1.79;0.25;-0.47;0.06;5.27;0.724;1.695;1.832;1.748;2.419;2.509;2.431;1.241;0.497;0.302;0.181;0.212;4.23;1.87;0.94;0.31;0.14
2152;7;7;0;1989;1995;84;10.266;7.14;14.7;0.25;0.51;0.72;49.57;6.613;8.606;17.874;20.939;9.936;18.217;14.094;15.351;5.293;2.271;1.711;1.73;37.06;13.1;5.66;2.31;1.29
2153;8;8;0;2013;2020;96;0.876;0.13;1.37;0.42;-0.59;0.01;5.2;0.08;0.543;1.17;1.605;2.379;1.738;1.568;0.883;0.354;0.149;0.085;0.068;3.89;1.22;0.34;0.1;0.02
2154;8;8;0;2013;2020;96;2.489;0.99;3.54;0.3;-0.67;0.05;13.75;0.981;1.695;2.74;3.655;6.726;4.403;3.571;2.45;1.921;0.914;0.471;0.626;9.83;2.93;1.78;0.84;0.41
2155;7;7;0;2014;2020;84;1.996;0.62;5.14;0.73;1.17;0;17.64;0.194;1.11;3.04;3.884;4.979;3.651;4.786;1.81;0.654;0.026;0;0;13.09;1.9;0.45;0.01;0
2156;11;11;0;2010;2020;132;3.461;0.52;9.04;0.65;1;0.05;32.41;0.552;1.369;4.208;6.661;10.376;7.183;5.982;3.326;1.307;0.44;0.284;0.25;15.33;4.03;1.04;0.37;0.17
2157;7;6;1;2014;2020;76;0.348;0.22;0.64;0.41;1.2;0.01;1.53;0.278;0.523;0.492;0.42;0.663;0.597;0.572;0.361;0.16;0.08;0.05;0.04;1.18;0.53;0.2;0.06;0.03
2158;7;7;0;2014;2020;84;1.516;0.64;3.15;0.6;0.8;0.36;13.09;0.66;0.737;1.96;1.501;3.253;2.399;2.776;1.43;1.161;0.941;0.741;0.773;7.48;1.16;0.87;0.61;0.43
2159;7;7;0;2014;2020;84;1.093;0.22;1.76;0.47;-0.43;0;6.75;0.22;0.563;1.249;1.509;3.189;2.341;2.504;1.031;0.474;0.121;0.043;0.031;4.84;1.51;0.43;0.06;0
2160;6;6;0;2015;2020;72;2.968;0.8;4.4;0.43;-0.51;0;17.26;0.477;2.188;5.323;4.882;7.163;5.7;5.27;3.073;1.352;0.363;0.02;0.032;14.18;4.68;1.76;0.18;0
2161;35;33;2;1986;2020;408;2.533;1.01;4.96;0.39;0.56;0.65;14.44;1.491;1.857;2.89;3.705;3.924;3.552;3.278;2.672;1.817;1.684;1.635;1.571;6.89;2.81;1.82;1.28;0.85
2162;27;26;1;1994;2020;321;10.525;4.83;23.23;0.4;0.85;1.09;70.41;3.684;4.606;8.981;13.634;16.854;14.372;13.376;10.454;11.107;10.915;10.53;8.208;27.99;12.28;8.83;4.61;2.75
2163;24;24;0;1997;2020;288;10.008;3.22;20.97;0.46;0.37;1.32;61.36;3.566;5.264;8.985;13.712;19.132;17.665;15.263;10.703;8.502;7.02;6.208;4.592;32.46;11.93;6.64;4.04;2.55
2164;4;4;0;2017;2020;48;2.52;1.75;3.88;0.34;0.72;0.15;15.51;0.36;1.163;3.345;2.153;3.71;6.208;7.86;2.488;1.465;0.725;0.433;0.47;15.04;2.69;1.46;0.51;0.22
2165;1;1;0;2020;2020;12;2.84;2.84;2.84;0;;0.11;11.98;0.9;0.97;4.76;9.35;11.98;1.8;0.87;1.73;1.68;0.4;0.11;0.21;;;;;
2166;1;1;0;2020;2020;12;4.55;4.55;4.55;0;;0.28;23.15;1.36;1.57;6.95;12.81;23.15;2.96;1.3;2.6;1.78;0.9;0.28;0.32;;;;;
2500;7;7;0;2014;2020;84;2.074;1.22;3.44;0.35;0.7;0.29;10.05;0.976;0.683;1.607;1.349;2.559;1.834;2.467;2.229;2.63;3.451;3.287;1.874;5.08;3.11;1.46;0.86;0.43
2501;8;8;0;2013;2020;96;2.201;0.6;3.1;0.35;-0.81;0;15.8;1.794;2.66;4.358;2.511;4.278;3.381;4.271;2.33;0.56;0.171;0.053;0.198;11.15;2.51;1.01;0.27;0.05
2502;7;7;0;2014;2020;84;4.186;1.35;7.44;0.41;0.29;0;30.92;2.074;5.361;6.95;5.284;7.456;6.64;7.091;7.379;1.576;0.41;0.084;0.121;17.19;6.14;2.06;0.32;0.02
2503;8;8;0;2013;2020;96;6.074;1.94;9.67;0.4;-0.03;0.47;33.05;3.545;3.543;7.134;8.45;10.356;6.251;8.443;9.568;4.998;3.641;3.366;3.811;20.92;7.67;4.48;1.88;1.19
2505;8;8;0;2013;2020;96;10.138;2.29;17.72;0.46;0.17;1.16;63.34;5.625;6.651;14.023;13.071;20.703;11.676;18.671;14.373;6.293;3.778;3.176;4.379;39.69;12.06;5.9;2.29;1.42
2507;2;2;0;2014;2015;24;15.42;9.7;21.14;0.37;0;0.1;68.27;2.89;12.145;8.275;33.345;49.4;29.035;34.79;11.035;4.63;0.385;0.155;0.885;68.27;21.57;5.99;0.86;0.25
2508;8;8;0;2013;2020;96;1.589;0.79;2.24;0.27;-0.26;0.08;7.07;0.305;1.508;2.186;2.943;3.946;2.849;2.86;1.344;0.754;0.275;0.118;0.139;6.32;2.18;1.01;0.24;0.1
2510;8;8;0;2013;2020;96;8.285;4.32;11.44;0.27;-0.53;1.31;40.87;3.774;7.935;12.009;10.716;15.986;14.938;16.18;7.94;3.673;2.319;2.253;2.26;26.9;11.57;5.38;2.46;1.71
2511;8;8;0;2013;2020;96;1.581;0.65;2.06;0.31;-0.87;0;6.7;1.276;1.758;2.068;1.649;2.158;2.536;3.723;2.539;0.848;0.311;0.053;0.118;5.05;2.31;1.4;0.19;0.02
2512;8;8;0;2013;2020;96;3.886;1.82;5.81;0.31;-0.28;0.25;21.58;3.143;4.455;5.874;3.59;5.698;5.89;8.236;5.315;2.489;0.966;0.49;0.654;11.96;5.77;3.25;0.92;0.43
2514;7;7;0;2014;2020;84;0.203;0.16;0.26;0.19;0.39;0.03;0.52;0.12;0.197;0.256;0.227;0.299;0.3;0.286;0.206;0.18;0.137;0.116;0.101;0.45;0.26;0.17;0.13;0.09
2516;8;8;0;2013;2020;96;7.438;2.37;13.79;0.5;0.31;0.23;43.38;2.938;5.599;8.888;11.876;17.484;11.066;12.949;7.303;4.33;2.363;2.314;2.858;31.45;9.01;4.23;2.37;0.9
2517;8;8;0;2013;2020;96;2.066;0.9;3.07;0.36;-0.22;0.08;13.36;0.138;0.624;2.259;2.521;6.408;5.026;4.383;2.359;0.884;0.241;0.134;0.121;9.22;2.98;0.89;0.16;0.09
2518;8;8;0;2013;2020;96;3.655;1.4;5.5;0.39;-0.29;0.04;21.65;0.403;1.074;3.52;4.463;10.714;9.233;7.809;4.393;1.908;0.428;0.15;0.258;17.97;5.45;1.7;0.38;0.12
2519;8;8;0;2013;2020;96;2.211;0.86;4.12;0.44;0.41;0.19;10.46;0.738;1.425;2.848;3.496;5.221;3.585;3.821;2.386;1.616;0.829;0.396;0.356;9.37;2.76;1.28;0.45;0.25
2520;8;8;0;2013;2020;96;2.741;0.85;5.55;0.53;0.51;0.04;14.86;0.839;1.725;3.52;4.569;6.786;4.738;5.201;3.036;1.635;0.638;0.229;0.241;12.1;3.43;1.4;0.4;0.14
2522;8;8;0;2013;2020;96;16.693;7.24;21.39;0.3;-0.83;4.21;85.08;6.693;8.599;16.251;21.398;43.766;31.663;28.198;15.814;11.485;7.308;5.184;5.743;58.16;21.99;9.87;6.1;5.03
2524;6;5;1;2015;2020;71;234.24;131.84;354.25;0.32;0.31;27.93;1105.43;112.232;150.822;229.597;277.31;349.07;295.182;383.38;224.083;134.063;119.972;139.75;145.843;721.29;238.76;155.21;107.53;69.98
2525;8;8;0;2013;2020;96;1.668;0.79;2.23;0.32;-0.75;0.1;8.29;0.354;1.245;2.144;1.864;3.636;3.476;3.626;2.231;0.893;0.344;0.166;0.175;6.66;2.46;1.01;0.24;0.14
2526;8;8;0;2013;2020;96;2.599;1.3;3.81;0.31;-0.32;0.17;12.26;0.435;1.699;2.995;3.005;6.286;5.533;5.599;3.258;1.435;0.436;0.389;0.38;10.04;4.37;1.25;0.4;0.26
2527;8;8;0;2013;2020;96;6.126;2.74;10.23;0.39;0.18;0.36;39.98;0.95;2.678;6.729;6.74;17.173;15.084;12.726;7.236;3.17;0.748;0.48;0.639;26.9;9.58;2.46;0.72;0.44
2528;8;8;0;2013;2020;96;1.021;0.47;1.76;0.44;0.57;0.1;4.62;0.49;0.611;0.851;1.215;1.966;1.768;1.899;1.334;0.901;0.528;0.374;0.399;3.44;1.28;0.75;0.4;0.18
2529;8;8;0;2013;2020;96;4.345;2.12;5.76;0.24;-0.81;0.36;20.94;1.996;4.866;7.428;5.994;7.729;8.188;8.494;4.11;1.771;0.816;0.464;0.528;14.34;6.93;3.1;0.87;0.43
2530;8;8;0;2013;2020;96;120.216;49.74;209.68;0.45;0.35;15.88;638.24;55.611;84.051;138.153;164.181;243.394;185.766;243.335;132.525;65.443;48.611;43.293;46.834;499.71;153.42;73.68;45.96;28.41
2532;8;8;0;2013;2020;96;8.769;4.21;11.83;0.28;-0.68;0.8;40.05;2.689;8.155;13.526;12.295;17.674;16.106;15.806;9.388;5.104;2.288;1.2;1.585;27.04;12.45;6.38;1.94;1.17
2535;8;8;0;2013;2020;96;3.189;1.46;4.13;0.25;-1.12;0.11;14.08;1.198;3.303;5.103;4.364;5.89;6.426;6.924;3.158;1.153;0.53;0.184;0.224;11.27;5.29;2.16;0.47;0.15
2536;8;8;0;2013;2020;96;3.081;0.95;4.71;0.38;-0.43;0.04;17.24;0.921;2.604;4.694;4.141;5.983;7.108;7.044;2.648;1.2;0.45;0.199;0.21;13.92;4.39;1.48;0.34;0.1
2538;7;7;0;2014;2020;84;1.257;0.3;2.05;0.47;-0.3;0;8.91;0.009;0.379;1.443;1.51;3.886;3.003;3.011;1.443;0.496;0.061;0.021;0.009;5.62;1.82;0.4;0.02;0
2539;8;8;0;2013;2020;96;0.985;0.42;1.45;0.36;-0.23;0.05;5.47;0.615;1.096;1.468;1.32;1.918;1.734;1.721;1.11;0.531;0.181;0.098;0.111;3.27;1.42;0.74;0.17;0.07
2541;6;6;0;2015;2020;72;13.887;5.48;30.53;0.6;1.02;3.79;78.64;7.5;8.325;11.91;27.5;22.792;14.007;24.203;14.373;7.457;8.925;8.872;11.032;54.93;16.52;6.76;5.73;4.28
2542;8;8;0;2013;2020;96;4.009;2.2;5.26;0.25;-0.63;0.16;15.39;1.854;4.056;6.006;5.438;7.185;7.703;8.283;4.609;1.778;0.671;0.323;0.423;13.88;6.42;2.84;0.68;0.3
2545;6;6;0;2015;2020;72;16.632;8.31;23.14;0.3;-0.41;4;84.11;8.368;14;18.847;16.267;23.733;25.67;30.537;25.428;13.517;8.755;7.528;7.367;68.36;16.88;9.91;7.48;6.02
2546;7;7;0;2014;2020;84;19.359;10.62;27.03;0.32;-0.18;4.39;102.99;12.347;21.676;25.694;21.554;30.383;28.317;31.473;25.513;11.889;7.451;7.351;9.329;67.7;19.67;11.74;8.48;5.64
2547;8;8;0;2013;2020;96;1.016;0.4;1.53;0.36;-0.26;0.01;5.12;0.196;0.988;1.498;1.835;2.63;1.78;1.503;0.944;0.53;0.234;0.094;0.071;3.88;1.51;0.62;0.13;0.04
2548;8;8;0;2013;2020;96;2.283;1.32;4.2;0.44;0.99;0.67;15.15;1.863;1.696;2.14;4.006;4.299;2.415;3.683;2.014;1.736;1.168;0.864;1.684;9.48;2.11;1.76;1.28;0.78
2549;8;8;0;2013;2020;96;0.625;0.24;1.06;0.38;0.18;0.07;4.52;0.166;0.284;0.505;0.741;1.568;1.313;1.463;0.618;0.399;0.224;0.15;0.165;2.35;0.8;0.35;0.18;0.1
2550;8;8;0;2013;2020;96;7.586;3.27;10.22;0.28;-0.94;0.14;33.81;4.159;8.475;11.601;9.65;13.308;13.636;15.988;8.858;3.154;1.434;0.535;0.661;22.71;11.11;6.18;1.26;0.36
2552;8;8;0;2013;2020;96;1.776;0.86;2.5;0.36;-0.29;0.12;11.85;0.33;0.273;0.629;0.604;3.166;2.918;2.893;2.015;2.236;2.533;2.416;1.375;7.03;2.44;1.2;0.37;0.2
2710;23;23;0;1998;2020;276;59.113;31.76;151.26;0.44;1.85;6.92;380.19;35.708;47.59;68.366;71.753;82.883;96.243;99.813;59.98;44.903;41.446;35.51;26.525;159.62;71.85;42.43;29.8;17.83
2711;21;21;0;2000;2020;252;51.642;24.35;127.23;0.47;1.32;6.06;345.73;33.04;52.133;73.359;76.834;88.082;103.18;85.84;46.592;25.471;12.33;10.926;14.123;158.2;72.49;33.84;15.71;8.91
2712;14;14;0;2007;2020;168;0.488;0.04;1.22;0.74;0.43;0;5.92;0.016;0.044;0.339;0.579;1.289;1.656;1.159;0.536;0.253;0.016;0.011;0.011;3.24;0.36;0.04;0.01;0
2713;14;14;0;2007;2020;168;2.553;0.52;5.6;0.62;0.46;0.01;15.05;0.643;1.663;3.408;4.626;6.295;5.069;4.711;2.509;1.136;0.438;0.206;0.191;11.79;3.94;1.1;0.17;0.03
2714;9;9;0;2004;2012;108;1.754;0.7;3.01;0.41;0.23;0.06;10.6;0.334;0.661;1.567;2.348;2.739;3.941;4.072;3.057;1.57;0.422;0.204;0.201;5.42;2.92;0.94;0.29;0.15
2716;13;13;0;2008;2020;156;0.704;0.02;2.84;1.13;1.45;0;9.4;0.107;0.155;1.091;1.518;1.824;1.077;1.342;0.84;0.32;0.088;0.065;0.087;3.98;0.6;0.14;0.01;0
2717;14;14;0;2007;2020;168;0.534;0.1;1.49;0.89;0.88;0.02;8.61;0.031;0.07;0.617;1.254;1.313;1.039;1.205;0.453;0.238;0.088;0.076;0.075;3.53;0.46;0.11;0.05;0.02
2718;13;13;0;2008;2020;156;0.988;0.13;3.27;1;1.3;0.01;6.52;0.355;0.569;1.164;1.417;1.608;0.953;1.528;1.858;1.157;0.426;0.355;0.522;4.71;1.11;0.39;0.16;0.05
2719;11;11;0;2010;2020;132;0.358;0.24;0.63;0.31;1.19;0;2.62;0.296;0.396;0.516;0.725;0.568;0.381;0.614;0.4;0.215;0.079;0.018;0.099;1.26;0.4;0.31;0.14;0.01
2818;49;47;2;1970;2020;584;10.352;2.28;23.48;0.52;0.56;0.13;111.37;2.487;6.155;15.708;20.472;25.216;17.145;15.981;11.902;5.308;1.884;0.922;0.912;40;12.67;4.95;1.47;0.5
2900;7;0;7;1912;1918;40;;;;;;;;3.088;6.693;3.037;6.76;5.61;5.02;9.08;10.185;6.732;1.32;0.58;1.34;13.31;7.06;3.31;1.59;0.75
2903;2;0;2;1929;1930;15;;;;;;;;65.43;60.72;208.85;273.17;226.65;449.425;321.43;254.335;124.75;68.03;;;;;;;
2908;8;1;7;1912;1919;53;9.56;9.56;9.56;0;;2.71;56.02;8.78;20.08;10.627;23.428;20.097;14.795;37.213;29.778;17.504;10.61;5.373;5.206;53.22;21.38;13.02;6.24;3.78
2969;2;0;2;1944;1945;;;;;;;;;;;;;;;;;;;;;;;;;
